Country,year,broad_money,decade,annual change,world_money,gap_world,gap_world_pct
BRA,1976,15.30022331,1970,,61.83287432,-46.53265101,-75.25551985369844
BRA,1977,14.52078666,1970,-0.7794366499999992,62.12656097,-47.60577431,-76.62708762036277
BRA,1978,14.56909626,1970,0.04830959999999962,65.39267936,-50.8235831,-77.72060052808945
BRA,1979,15.29884068,1970,0.7297444199999994,64.11446166,-48.815620980000006,-76.1382373275939
BRA,1980,11.76865071,1980,-3.5301899700000003,62.94883596,-51.180185249999994,-81.30441884981283
BRA,1981,11.52991524,1980,-0.23873546999999995,64.65567791,-53.12576266999999,-82.1672038516872
BRA,1982,10.46821043,1980,-1.0617048100000002,67.39981766,-56.93160723,-84.46848850124915
BRA,1983,10.98583302,1980,0.5176225900000002,70.78738012,-59.80154709999999,-84.4805203959002
BRA,1984,12.78522219,1980,1.7993891700000013,73.1733284,-60.388106210000004,-82.52748307401035
BRA,1985,14.36891681,1980,1.5836946199999993,74.66205194,-60.293135129999996,-80.75472554444771
BRA,1986,20.87996256,1980,6.511045749999999,82.6959625,-61.81599994,-74.75092866837363
BRA,1987,20.65932161,1980,-0.22064094999999995,87.37848082,-66.71915920999999,-76.35651087530546
BRA,1988,80.44763566,1980,59.788314050000004,91.01066932,-10.563033660000002,-11.606368504839386
BRA,1989,111.3253039,1980,30.87766823999999,92.20289031,19.122413589999994,20.739494744370333
BRA,1990,30.39451422,1990,-80.93078967999999,86.94825158,-56.55373736,-65.0429839960216
BRA,1991,35.02960132,1990,4.635087099999996,88.3276964,-53.298095079999996,-60.3413167695835
BRA,1992,60.93240882,1990,25.9028075,86.93232118,-25.999912360000003,-29.90822286473313
BRA,1993,93.65884647,1990,32.72643765,90.52539451,3.133451960000002,3.4614065776359157
BRA,1994,45.4613038,1990,-48.19754267,90.31074809,-44.84944429,-49.66124767929602
BRA,1995,32.44854688,1990,-13.012756920000001,91.48657165,-59.03802477,-64.53190201056135
BRA,1996,35.11848156,1990,2.6699346799999972,88.696028,-53.57754644,-60.40580130600662
BRA,1997,36.96512905,1990,1.8466474900000023,89.15721512,-52.19208607,-58.53938573535831
BRA,1998,39.33173174,1990,2.3666026900000006,91.89188709,-52.560155349999995,-57.197819105098965
BRA,1999,42.81105421,1990,3.4793224699999996,98.57277603,-55.76172182,-56.56908942386818
BRA,2000,46.48658781,2000,3.6755336000000014,98.65619483,-52.16960702,-52.88021407058763
BRA,2001,58.63617172,2000,12.149583909999997,95.42573014,-36.78955842,-38.55308035476981
BRA,2002,55.00498217,2000,-3.631189550000002,96.23554479,-41.23056262000001,-42.84338256719085
BRA,2003,56.5263638,2000,1.5213816300000005,97.0956432,-40.5692794,-41.78280102273425
BRA,2004,56.33206511,2000,-0.19429868999999655,95.91436236,-39.582297249999996,-41.26837344905015
BRA,2005,60.13304446,2000,3.8009793499999986,95.29212519,-35.15908072999999,-36.89610307241799
BRA,2006,63.24977948,2000,3.11673502,96.10562116,-32.85584168,-34.18722160413535
BRA,2007,68.35919863,2000,5.109419149999994,96.41543203,-28.05623340000001,-29.099318241161036
BRA,2008,70.48945297,2000,2.1302543400000076,100.0025134,-29.513060429999996,-29.51231866738261
BRA,2009,76.09041944,2000,5.600966470000003,111.0087715,-34.91835205999999,-31.45548913673006
BRA,2010,74.21938015,2010,-1.8710392899999988,107.9480905,-33.72871035,-31.245305214546615
BRA,2011,76.82527514,2010,2.605894989999996,109.1949223,-32.36964716,-29.64391244408624
BRA,2012,79.05286203,2010,2.2275868899999978,111.5060523,-32.45319026999999,-29.10442043332925
BRA,2013,78.62652781,2010,-0.4263342200000011,112.095354,-33.46882619,-29.857460631240794
BRA,2014,81.90656401,2010,3.280036199999998,114.5310446,-32.624480590000005,-28.48527288294724
BRA,2015,88.06962765,2010,6.163063640000004,117.7380764,-29.668448749999996,-25.198686488817135
BRA,2016,93.82113793,2010,5.751510280000005,121.6668651,-27.84572716999999,-22.886861716304704
BRA,2017,93.0595992,2010,-0.7615387300000123,119.9613444,-26.901745200000008,-22.425344876345026
BRA,2018,93.71303403,2010,0.653434830000009,120.2048697,-26.49183567,-22.038903861479746
BRA,2019,96.05785043,2010,2.344816399999999,122.2835326,-26.22568217,-21.446618046099854
BRA,2020,109.1542171,2020,13.096366669999995,140.0833201,-30.929103000000012,-22.079076208302983
BRA,2021,103.4656345,2020,-5.688582600000004,139.9156172,-36.44998270000002,-26.051404002955014
BRA,2022,104.3022143,2020,0.8365798000000098,136.9038372,-32.601622899999995,-23.813520180864582
BRA,2023,110.1845393,2020,5.8823249999999945,135.5653641,-25.380824800000013,-18.722204575261426
BRA,2024,116.3965549,2020,6.212015600000001,136.1055622,-19.70900730000001,-14.480677337079475
BRA,2025,118.2299013,2020,1.8333463999999964,136.1055622,-17.875660900000014,-13.133674047598925
CHL,1976,19.36229367,1970,,61.83287432,-42.47058065,-68.6860850592268
CHL,1977,17.37293108,1970,-1.989362589999999,62.12656097,-44.75362989,-72.03622603802401
CHL,1978,19.73822636,1970,2.365295279999998,65.39267936,-45.654453000000004,-69.815847044075
CHL,1979,22.65199799,1970,2.913771630000003,64.11446166,-41.462463670000005,-64.66944055441985
CHL,1980,26.44104221,1980,3.7890442199999974,62.94883596,-36.50779375,-57.99597910467858
CHL,1981,27.51640226,1980,1.0753600500000005,64.65567791,-37.139275649999995,-57.44163057372543
CHL,1982,35.88017411,1980,8.36377185,67.39981766,-31.519643549999998,-46.76517629320839
CHL,1983,33.01381482,1980,-2.8663592899999983,70.78738012,-37.773565299999994,-53.36200497315424
CHL,1984,36.21217616,1980,3.198361339999998,73.1733284,-36.961152240000004,-50.51178215913984
CHL,1985,37.64908563,1980,1.4369094700000034,74.66205194,-37.012966309999996,-49.574000912464065
CHL,1986,36.6078653,1980,-1.0412203300000016,82.6959625,-46.08809719999999,-55.731979901679
CHL,1987,35.93755771,1980,-0.6703075900000002,87.37848082,-51.44092310999999,-58.871386441209125
CHL,1988,36.00306973,1980,0.0655120199999999,91.01066932,-55.007599590000005,-60.440825236203196
CHL,1989,37.80707592,1980,1.8040061900000026,92.20289031,-54.39581439,-58.995780074912055
CHL,1990,36.99722775,1990,-0.8098481700000022,86.94825158,-49.951023830000004,-57.44914121020672
CHL,1991,35.84650329,1990,-1.1507244599999993,88.3276964,-52.48119310999999,-59.41646306763639
CHL,1992,35.73828515,1990,-0.10821813999999819,86.93232118,-51.19403603,-58.88953076957285
CHL,1993,37.21625341,1990,1.4779682599999973,90.52539451,-53.3091411,-58.88860400836048
CHL,1994,34.75488304,1990,-2.4613703699999974,90.31074809,-55.55586505,-61.51633800512349
CHL,1995,35.61525123,1990,0.8603681899999955,91.48657165,-55.87132042,-61.070514953546194
CHL,1996,38.67438823,1990,3.0591369999999998,88.696028,-50.02163977,-56.39670783228309
CHL,1997,43.3789624,1990,4.704574170000001,89.15721512,-45.778252720000005,-51.34553906645173
CHL,1998,46.80886019,1990,3.4298977899999983,91.89188709,-45.0830269,-49.06094360195819
CHL,1999,51.89663939,1990,5.0877792,98.57277603,-46.67613664,-47.35195509335602
CHL,2000,51.58184379,2000,-0.3147955999999965,98.65619483,-47.07435104,-47.71555513682283
CHL,2001,87.55772448,2000,35.975880690000004,95.42573014,-7.868005659999994,-8.245161602071862
CHL,2002,87.08870656,2000,-0.46901791999999887,96.23554479,-9.14683823,-9.504635994901609
CHL,2003,79.32358782,2000,-7.7651187400000055,97.0956432,-17.772055379999998,-18.303658943164606
CHL,2004,76.11741803,2000,-3.206169790000004,95.91436236,-19.796944330000002,-20.640229307572497
CHL,2005,74.65289539,2000,-1.4645226399999984,95.29212519,-20.639229799999995,-21.658903879883127
CHL,2006,74.67754258,2000,0.024647189999996044,96.10562116,-21.428078580000005,-22.296384250329947
CHL,2007,80.24159765,2000,5.564055070000009,96.41543203,-16.173834380000002,-16.775151072255174
CHL,2008,77.25443467,2000,-2.987162980000008,100.0025134,-22.748078730000003,-22.74750699415921
CHL,2009,71.88560249,2000,-5.368832179999998,111.0087715,-39.12316901,-35.24331319169674
CHL,2010,67.19858831,2010,-4.687014179999991,107.9480905,-40.74950219,-37.749164437512675
CHL,2011,75.27888297,2010,8.080294659999993,109.1949223,-33.916039330000004,-31.06008834075612
CHL,2012,77.62592392,2010,2.3470409500000073,111.5060523,-33.88012837999999,-30.384116091606977
CHL,2013,82.10723828,2010,4.481314359999999,112.095354,-29.988115719999996,-26.752327058978732
CHL,2014,82.86319815,2010,0.7559598699999981,114.5310446,-31.66784645,-27.65001101718756
CHL,2015,84.36149718,2010,1.4982990299999983,117.7380764,-33.376579219999996,-28.348160799406436
CHL,2016,83.17859953,2010,-1.182897650000001,121.6668651,-38.488265569999996,-31.634139285470912
CHL,2017,78.71995953,2010,-4.458640000000003,119.9613444,-41.241384870000005,-34.3788951985103
CHL,2018,77.62836625,2010,-1.091593279999998,120.2048697,-42.576503450000004,-35.41994892241874
CHL,2019,84.34607266,2010,6.717706410000005,122.2835326,-37.93745994,-31.02417728157781
CHL,2020,93.45780567,2020,9.111733009999995,140.0833201,-46.62551443000001,-33.28413004254602
CHL,2021,93.68122909,2020,0.22342342000000315,139.9156172,-46.23438811000001,-33.04447997674988
CHL,2022,88.58149381,2020,-5.099735280000004,136.9038372,-48.32234339,-35.29655879506641
CHL,2023,84.7276077,2020,-3.853886110000005,135.5653641,-50.83775640000002,-37.50054944897243
CHL,2024,75.30109621,2020,-9.426511489999996,136.1055622,-60.80446599000001,-44.67449015834564
CHL,2025,75.30109621,2020,0.0,136.1055622,-60.80446599000001,-44.67449015834564
COL,1976,26.9615045,1970,,61.83287432,-34.87136982,-56.39616499070102
COL,1977,27.09666787,1970,0.13516337000000078,62.12656097,-35.029893099999995,-56.384729096650645
COL,1978,27.02171664,1970,-0.07495122999999992,65.39267936,-38.37096272,-58.677764996843216
COL,1979,25.82029025,1970,-1.2014263900000017,64.11446166,-38.294171410000004,-59.727821802629485
COL,1980,28.79579262,1980,2.975502370000001,62.94883596,-34.153043339999996,-54.25524208533752
COL,1981,31.71815432,1980,2.9223616999999997,64.65567791,-32.93752359,-50.942971529660056
COL,1982,31.61340777,1980,-0.10474655000000155,67.39981766,-35.78640989,-53.095707277021745
COL,1983,33.37463251,1980,1.7612247399999994,70.78738012,-37.41274761,-52.85228461143393
COL,1984,32.62114866,1980,-0.753483849999995,73.1733284,-40.55217974,-55.41934558220807
COL,1985,31.26952447,1980,-1.3516241900000026,74.66205194,-43.39252747,-58.11858413008947
COL,1986,31.26952447,1980,0.0,82.6959625,-51.42643802999999,-62.18736256924272
COL,1987,26.77753567,1980,-4.4919888000000014,87.37848082,-60.600945149999994,-69.35454196650338
COL,1988,23.10113893,1980,-3.6763967399999977,91.01066932,-67.90953039,-74.61710906797668
COL,1989,23.10113893,1980,0.0,92.20289031,-69.10175138,-74.94532020381303
COL,1990,24.11663869,1990,1.0154997599999973,86.94825158,-62.83161289,-72.26322754999785
COL,1991,24.72969354,1990,0.613054850000001,88.3276964,-63.598002859999994,-72.00233386817953
COL,1992,26.93983743,1990,2.210143890000001,86.93232118,-59.992483750000005,-69.01056239575266
COL,1993,28.46435723,1990,1.5245198000000002,90.52539451,-62.061037279999994,-68.55649468961369
COL,1994,32.10822014,1990,3.6438629099999993,90.31074809,-58.202527950000004,-64.44695585070089
COL,1995,32.92964638,1990,0.821426240000001,91.48657165,-58.55692527,-64.00603303184332
COL,1996,33.41472135,1990,0.48507496999999944,88.696028,-55.28130665,-62.326699285789886
COL,1997,34.25344863,1990,0.8387272800000005,89.15721512,-54.90376649,-61.58084504557818
COL,1998,33.04601338,1990,-1.2074352500000032,91.89188709,-58.84587371,-64.03816003078232
COL,1999,34.27402634,1990,1.228012960000001,98.57277603,-64.29874969,-65.2297239457181
COL,2000,25.82000057,2000,-8.454025769999998,98.65619483,-72.83619426,-73.82830281008518
COL,2001,28.50914711,2000,2.6891465399999994,95.42573014,-66.91658303,-70.12425572413859
COL,2002,27.45559255,2000,-1.053554560000002,96.23554479,-68.77995224,-71.47042435317209
COL,2003,27.33453943,2000,-0.12105311999999913,97.0956432,-69.76110377,-71.8478208402249
COL,2004,28.85464606,2000,1.5201066300000008,95.91436236,-67.05971629999999,-69.91624053997411
COL,2005,30.90999648,2000,2.05535042,95.29212519,-64.38212870999999,-67.56290572975519
COL,2006,32.28830142,2000,1.3783049400000031,96.10562116,-63.817319739999995,-66.40331644467985
COL,2007,33.75519653,2000,1.4668951099999958,96.41543203,-62.660235500000006,-64.98984050655196
COL,2008,35.9614943,2000,2.206297769999999,100.0025134,-64.0410191,-64.03940953348078
COL,2009,36.92013333,2000,0.9586390300000005,111.0087715,-74.08863817,-66.74124681219448
COL,2010,37.93686251,2010,1.0167291799999987,107.9480905,-70.01122799000001,-64.85638390240909
COL,2011,39.65247156,2010,1.7156090500000047,109.1949223,-69.54245073999999,-63.68652431377754
COL,2012,42.74628079,2010,3.093809229999998,111.5060523,-68.75977151,-61.66460931197364
COL,2013,45.37760998,2010,2.6313291900000024,112.095354,-66.71774402,-59.51874153499707
COL,2014,46.37815885,2010,1.0005488699999958,114.5310446,-68.15288575,-59.50603697715684
COL,2015,48.99143708,2010,2.613278229999999,117.7380764,-68.74663932,-58.38947044322528
COL,2016,48.91995836,2010,-0.07147871999999467,121.6668651,-72.74690673999999,-59.791880624365646
COL,2017,49.02411627,2010,0.10415790999999786,119.9613444,-70.93722813,-59.133405418887584
COL,2018,36.91009138,2010,-12.114024890000003,120.2048697,-83.29477832,-69.29401323580487
COL,2019,36.86598904,2010,-0.04410233999999491,122.2835326,-85.41754356,-69.85204118972271
COL,2020,46.94138133,2020,10.075392289999996,140.0833201,-93.14193877000001,-66.4903849391274
COL,2021,45.8298288,2020,-1.1115525299999973,139.9156172,-94.08578840000001,-67.24466523669811
COL,2022,41.75803201,2020,-4.0717967900000005,136.9038372,-95.14580519,-69.49827494681793
COL,2023,40.36301146,2020,-1.3950205499999981,135.5653641,-95.20235264000002,-70.22616231810792
COL,2024,41.63262577,2020,1.2696143099999944,136.1055622,-94.47293643,-69.41151772414486
COL,2025,43.05737092,2020,1.4247451499999997,136.1055622,-93.04819128000001,-68.36472351017555
MEX,1976,38.73231218,1970,,61.83287432,-23.10056214,-37.35967702301697
MEX,1977,29.97836668,1970,-8.7539455,62.12656097,-32.14819429,-51.74629625084815
MEX,1978,32.02396234,1970,2.0455956599999965,65.39267936,-33.368717020000005,-51.02821500293394
MEX,1979,33.13233377,1970,1.1083714300000054,64.11446166,-30.98212789,-48.323150640020515
MEX,1980,29.77619214,1980,-3.3561416300000033,62.94883596,-33.17264382,-52.69778751918322
MEX,1981,32.63644311,1980,2.8602509700000027,64.65567791,-32.01923479999999,-49.52269597199247
MEX,1982,31.29094902,1980,-1.3454940900000025,67.39981766,-36.10886864,-53.574134016433185
MEX,1983,28.40351693,1980,-2.887432090000001,70.78738012,-42.38386319,-59.874886057585606
MEX,1984,29.13411489,1980,0.7305979600000008,73.1733284,-44.03921351,-60.184789284506564
MEX,1985,25.49850291,1980,-3.63561198,74.66205194,-49.16354903,-65.84810858066005
MEX,1986,26.56778188,1980,1.0692789699999992,82.6959625,-56.128180619999995,-67.8729395283355
MEX,1987,25.97513147,1980,-0.5926504099999974,87.37848082,-61.40334934999999,-70.27285067646247
MEX,1988,11.12999972,1980,-14.84513175,91.01066932,-79.8806696,-87.77066490867557
MEX,1989,16.51663765,1980,5.386637929999999,92.20289031,-75.68625266000001,-82.08663785433562
MEX,1990,22.51341708,1990,5.99677943,86.94825158,-64.43483450000001,-74.1071077671002
MEX,1991,26.11474576,1990,3.6013286800000017,88.3276964,-62.21295063999999,-70.43425015666999
MEX,1992,27.13845607,1990,1.0237103099999985,86.93232118,-59.79386511,-68.78208737368492
MEX,1993,21.58680066,1990,-5.551655409999999,90.52539451,-68.93859384999999,-76.15387286976652
MEX,1994,22.91993355,1990,1.3331328899999981,90.31074809,-67.39081454000001,-74.62103455597673
MEX,1995,23.13939381,1990,0.21946026000000174,91.48657165,-68.34717784,-74.707333117122
MEX,1996,21.83881419,1990,-1.3005796200000006,88.696028,-66.85721380999999,-75.37791186094601
MEX,1997,27.14071542,1990,5.301901229999999,89.15721512,-62.016499700000004,-69.55858773351062
MEX,1998,25.94257689,1990,-1.1981385299999978,91.89188709,-65.9493102,-71.76837073267248
MEX,1999,25.99769685,1990,0.05511995999999897,98.57277603,-72.57507918,-73.6258854654882
MEX,2000,21.35725151,2000,-4.640445339999999,98.65619483,-77.29894332,-78.35183938849266
MEX,2001,23.94671874,2000,2.5894672300000003,95.42573014,-71.47901139999999,-74.90538589029651
MEX,2002,23.90551374,2000,-0.04120500000000149,96.23554479,-72.33003105,-75.15937194290808
MEX,2003,24.77253782,2000,0.8670240800000002,97.0956432,-72.32310538,-74.48645788465204
MEX,2004,25.01010318,2000,0.2375653600000014,95.91436236,-70.90425918,-73.92454835269781
MEX,2005,25.43708318,2000,0.4269799999999968,95.29212519,-69.85504200999999,-73.30620643701482
MEX,2006,24.40477832,2000,-1.03230486,96.10562116,-71.70084284,-74.60629458981379
MEX,2007,24.81360874,2000,0.408830420000001,96.41543203,-71.60182329,-74.26386189683912
MEX,2008,25.18026361,2000,0.3666548700000014,100.0025134,-74.82224979,-74.82036925483915
MEX,2009,28.47563996,2000,3.295376349999998,111.0087715,-82.53313154,-74.34829736855524
MEX,2010,29.30788464,2010,0.8322446800000023,107.9480905,-78.64020586000001,-72.85002031601476
MEX,2011,29.48742624,2010,0.1795416000000003,109.1949223,-79.70749606,-72.99560673802503
MEX,2012,29.98510736,2010,0.4976811199999993,111.5060523,-81.52094493999999,-73.10898669488634
MEX,2013,31.65407987,2010,1.6689725099999997,112.095354,-80.44127413,-71.7614702657525
MEX,2014,33.19596884,2010,1.5418889699999987,114.5310446,-81.33507576,-71.01574603118567
MEX,2015,35.12920262,2010,1.933233780000002,117.7380764,-82.60887378,-70.16326094826533
MEX,2016,36.55344349,2010,1.4242408699999984,121.6668651,-85.11342160999999,-69.95612284416457
MEX,2017,37.44990477,2010,0.896461280000004,119.9613444,-82.51143963,-68.78168967069361
MEX,2018,36.48982086,2010,-0.9600839100000016,120.2048697,-83.71504884000001,-69.6436417667029
MEX,2019,36.76748873,2010,0.2776678699999948,122.2835326,-85.51604387,-69.93259194574495
MEX,2020,43.50138124,2020,6.733892510000004,140.0833201,-96.58193886000001,-68.94606637753441
MEX,2021,42.99093586,2020,-0.5104453800000002,139.9156172,-96.92468134,-69.27366885817518
MEX,2022,41.70869538,2020,-1.2822404799999987,136.9038372,-95.19514182,-69.53431238083661
MEX,2023,42.90254144,2020,1.1938460599999985,135.5653641,-92.66282266000002,-68.35287410997336
MEX,2024,46.43987476,2020,3.537333320000002,136.1055622,-89.66568744,-65.87951733246652
MEX,2025,48.00314815,2020,1.563273389999999,136.1055622,-88.10241405000001,-64.73094311938414
URY,1976,26.91812267,1970,,61.83287432,-34.91475165,-56.46632480532566
URY,1977,30.97361333,1970,4.05549066,62.12656097,-31.15294764,-50.14432982222097
URY,1978,38.33838809,1970,7.364774760000003,65.39267936,-27.05429127,-41.372048881894905
URY,1979,37.37554753,1970,-0.9628405600000036,64.11446166,-26.738914130000005,-41.704965522126486
URY,1980,39.51424016,1980,2.1386926300000013,62.94883596,-23.434595799999997,-37.228005002175415
URY,1981,45.48544147,1980,5.971201309999998,64.65567791,-19.170236439999996,-29.649733882126732
URY,1982,63.88495455,1980,18.399513080000006,67.39981766,-3.514863109999993,-5.2149445384716095
URY,1983,52.50320705,1980,-11.381747500000003,70.78738012,-18.284173069999994,-25.829707271273982
URY,1984,58.41878892,1980,5.915581869999997,73.1733284,-14.754539480000005,-20.163821712939882
URY,1985,52.25060166,1980,-6.168187259999996,74.66205194,-22.411450279999997,-30.017190390119886
URY,1986,54.35695924,1980,2.106357580000001,82.6959625,-28.33900325999999,-34.26890794094088
URY,1987,45.60122826,1980,-8.755730980000003,87.37848082,-41.777252559999994,-47.81183212152806
URY,1988,46.83627141,1980,1.2350431500000028,91.01066932,-44.17439791,-48.537603601924594
URY,1989,53.54206938,1980,6.705797969999999,92.20289031,-38.66082093,-41.930161625103615
URY,1990,55.84337267,1990,2.30130329,86.94825158,-31.104878910000004,-35.774013099482275
URY,1991,48.84356626,1990,-6.999806409999998,88.3276964,-39.48413013999999,-44.701867873008396
URY,1992,42.66986949,1990,-6.173696769999999,86.93232118,-44.26245169,-50.915989690820766
URY,1993,38.37694036,1990,-4.2929291300000045,90.52539451,-52.14845415,-57.606436770887925
URY,1994,36.60305465,1990,-1.7738857100000018,90.31074809,-53.70769344000001,-59.46987991559666
URY,1995,36.04285582,1990,-0.5601988299999974,91.48657165,-55.44371583,-60.603118938712576
URY,1996,36.21040017,1990,0.16754435,88.696028,-52.48562783,-59.17472181505129
URY,1997,33.66339515,1990,-2.5470050200000003,89.15721512,-55.493819970000004,-62.24265741735967
URY,1998,36.29611467,1990,2.632719520000002,91.89188709,-55.595772419999996,-60.50128491272449
URY,1999,40.08127742,1990,3.785162749999998,98.57277603,-58.49149861,-59.33839034034963
URY,2000,43.24048613,2000,3.1592087100000015,98.65619483,-55.4157087,-56.17053120231314
URY,2001,49.15120645,2000,5.910720319999996,95.42573014,-46.27452369,-48.49271116093134
URY,2002,59.56629305,2000,10.415086600000002,96.23554479,-36.66925174000001,-38.1036464437518
URY,2003,58.40820382,2000,-1.1580892300000016,97.0956432,-38.68743938,-39.844670785393184
URY,2004,48.97946675,2000,-9.428737069999997,95.91436236,-46.93489561,-48.93416841352392
URY,2005,45.28475535,2000,-3.6947114000000028,95.29212519,-50.007369839999996,-52.47796682075445
URY,2006,45.20977722,2000,-0.07497812999999809,96.10562116,-50.89584394,-52.9582383690823
URY,2007,39.93378583,2000,-5.2759913900000015,96.41543203,-56.48164620000001,-58.58154136821743
URY,2008,43.98744959,2000,4.053663759999999,100.0025134,-56.01506381,-56.01365596277104
URY,2009,37.81978418,2000,-6.167665409999998,111.0087715,-73.18898732,-65.93081459333148
URY,2010,40.52392033,2010,2.7041361500000036,107.9480905,-67.42417017,-62.45980809637387
URY,2011,41.38090999,2010,0.8569896599999964,109.1949223,-67.81401231000001,-62.10363163562598
URY,2012,40.16449946,2010,-1.2164105299999974,111.5060523,-71.34155283999999,-63.97998258252391
URY,2013,41.97292944,2010,1.8084299799999997,112.095354,-70.12242456,-62.556048986651135
URY,2014,44.01859484,2010,2.045665399999997,114.5310446,-70.51244976000001,-61.56623298623089
URY,2015,49.42991068,2010,5.41131584,117.7380764,-68.30816572,-58.01705600143473
URY,2016,46.71193183,2010,-2.7179788500000015,121.6668651,-74.95493327,-61.60669399050703
URY,2017,44.27518777,2010,-2.436744059999995,119.9613444,-75.68615663,-63.09212105662263
URY,2018,45.97603886,2010,1.7008510900000005,120.2048697,-74.22883084,-61.75193319975788
URY,2019,48.78338585,2010,2.807346989999999,122.2835326,-73.50014675,-60.10633254309501
URY,2020,59.12690147,2020,10.343515619999998,140.0833201,-80.95641863,-57.79161899661457
URY,2021,58.75064182,2020,-0.3762596500000015,139.9156172,-81.16497538000002,-58.00994699825404
URY,2022,52.08044503,2020,-6.6701967899999985,136.9038372,-84.82339217,-61.9583745093158
URY,2023,50.33792035,2020,-1.7425246800000025,135.5653641,-85.22744375000002,-62.86815538453602
URY,2024,54.21914435,2020,3.881224000000003,136.1055622,-81.88641785000002,-60.16390258149201
URY,2025,51.47128923,2020,-2.747855120000004,136.1055622,-84.63427297000001,-62.18281722067638
WLD,1976,61.83287432,1970,,61.83287432,0.0,0.0
WLD,1977,62.12656097,1970,0.29368664999999794,62.12656097,0.0,0.0
WLD,1978,65.39267936,1970,3.2661183900000026,65.39267936,0.0,0.0
WLD,1979,64.11446166,1970,-1.278217699999999,64.11446166,0.0,0.0
WLD,1980,62.94883596,1980,-1.1656257000000068,62.94883596,0.0,0.0
WLD,1981,64.65567791,1980,1.7068419499999976,64.65567791,0.0,0.0
WLD,1982,67.39981766,1980,2.744139750000002,67.39981766,0.0,0.0
WLD,1983,70.78738012,1980,3.387562459999998,70.78738012,0.0,0.0
WLD,1984,73.1733284,1980,2.385948280000008,73.1733284,0.0,0.0
WLD,1985,74.66205194,1980,1.4887235399999952,74.66205194,0.0,0.0
WLD,1986,82.6959625,1980,8.033910559999995,82.6959625,0.0,0.0
WLD,1987,87.37848082,1980,4.68251832,87.37848082,0.0,0.0
WLD,1988,91.01066932,1980,3.6321885000000123,91.01066932,0.0,0.0
WLD,1989,92.20289031,1980,1.1922209899999956,92.20289031,0.0,0.0
WLD,1990,86.94825158,1990,-5.254638729999996,86.94825158,0.0,0.0
WLD,1991,88.3276964,1990,1.3794448199999891,88.3276964,0.0,0.0
WLD,1992,86.93232118,1990,-1.3953752199999911,86.93232118,0.0,0.0
WLD,1993,90.52539451,1990,3.5930733299999957,90.52539451,0.0,0.0
WLD,1994,90.31074809,1990,-0.214646419999994,90.31074809,0.0,0.0
WLD,1995,91.48657165,1990,1.1758235599999978,91.48657165,0.0,0.0
WLD,1996,88.696028,1990,-2.7905436500000036,88.696028,0.0,0.0
WLD,1997,89.15721512,1990,0.4611871200000053,89.15721512,0.0,0.0
WLD,1998,91.89188709,1990,2.7346719699999937,91.89188709,0.0,0.0
WLD,1999,98.57277603,1990,6.680888940000003,98.57277603,0.0,0.0
WLD,2000,98.65619483,2000,0.08341880000000401,98.65619483,0.0,0.0
WLD,2001,95.42573014,2000,-3.230464690000005,95.42573014,0.0,0.0
WLD,2002,96.23554479,2000,0.809814650000007,96.23554479,0.0,0.0
WLD,2003,97.0956432,2000,0.860098409999992,97.0956432,0.0,0.0
WLD,2004,95.91436236,2000,-1.1812808399999994,95.91436236,0.0,0.0
WLD,2005,95.29212519,2000,-0.6222371700000053,95.29212519,0.0,0.0
WLD,2006,96.10562116,2000,0.8134959700000053,96.10562116,0.0,0.0
WLD,2007,96.41543203,2000,0.30981087000000684,96.41543203,0.0,0.0
WLD,2008,100.0025134,2000,3.587081369999993,100.0025134,0.0,0.0
WLD,2009,111.0087715,2000,11.006258099999997,111.0087715,0.0,0.0
WLD,2010,107.9480905,2010,-3.060680999999988,107.9480905,0.0,0.0
WLD,2011,109.1949223,2010,1.2468317999999954,109.1949223,0.0,0.0
WLD,2012,111.5060523,2010,2.3111299999999915,111.5060523,0.0,0.0
WLD,2013,112.095354,2010,0.5893017000000071,112.095354,0.0,0.0
WLD,2014,114.5310446,2010,2.435690600000001,114.5310446,0.0,0.0
WLD,2015,117.7380764,2010,3.2070317999999958,117.7380764,0.0,0.0
WLD,2016,121.6668651,2010,3.9287886999999984,121.6668651,0.0,0.0
WLD,2017,119.9613444,2010,-1.705520699999994,119.9613444,0.0,0.0
WLD,2018,120.2048697,2010,0.24352530000000172,120.2048697,0.0,0.0
WLD,2019,122.2835326,2010,2.0786628999999976,122.2835326,0.0,0.0
WLD,2020,140.0833201,2020,17.799787500000008,140.0833201,0.0,0.0
WLD,2021,139.9156172,2020,-0.16770289999999477,139.9156172,0.0,0.0
WLD,2022,136.9038372,2020,-3.011780000000016,136.9038372,0.0,0.0
WLD,2023,135.5653641,2020,-1.3384730999999874,135.5653641,0.0,0.0
WLD,2024,136.1055622,2020,0.5401980999999978,136.1055622,0.0,0.0
WLD,2025,136.1055622,2020,0.0,136.1055622,0.0,0.0
