country,year,Broad money (% of GDP),Domestic credit to private sector (% of GDP),"GDP per capita, PPP (constant 2021 international $)",Gross capital formation (% of GDP),"Inflation, GDP deflator (annual %)",world_broad_money,broad_money_gap_world,broad_money_gap_world_pct,broad_money_percentile
ARG,1976,19.05432005,13.56276729,17.59829274,30.72943959,438.3227797,61.83287432,-42.77855427,-69.18415930110363,0.1
ARG,1977,22.47230597,18.38290986,17.59829274,30.9416888,159.4271777,62.12656097,-39.654255,-63.82818295567407,0.3
ARG,1978,24.54096738,20.55711741,17.59829274,27.80015957,161.372172,65.39267936,-40.851711980000005,-62.47138422804641,0.4
ARG,1979,25.86769055,24.05622763,17.59829274,25.85676946,147.377044,64.11446166,-38.246771110000005,-59.653891056316176,0.52
ARG,1980,24.95573441,25.39579275,17.59829274,25.25778629,95.79042461,62.94883596,-37.99310154999999,-60.35552678709135,0.42
ARG,1981,23.41155755,33.55230678,17.59829274,22.69108872,105.2763664,64.65567791,-41.24412036,-63.79040742162098,0.34
ARG,1982,21.24287839,33.90637227,17.59829274,21.75494795,194.5352997,67.39981766,-46.156939269999995,-68.48229100980627,0.24
ARG,1983,21.02593844,28.11827564,17.59829274,20.88775231,380.1585285,70.78738012,-49.76144167999999,-70.29705237804187,0.22
ARG,1984,21.97477621,25.00099884,17.59829274,19.96409245,611.1963039,73.1733284,-51.19855219,-69.96887159502232,0.26
ARG,1985,17.30336287,17.36414138,17.59829274,17.58906692,607.4474978,74.66205194,-57.35868907,-76.82442094692851,0.08
ARG,1986,19.58474074,16.90722949,17.59829274,17.46176421,77.29223669,82.6959625,-63.11122175999999,-76.31717420303319,0.14
ARG,1987,22.0526189,21.29731488,17.59829274,19.554866,127.5399181,87.37848082,-65.32586192,-74.76195661328963,0.28
ARG,1988,25.14760548,20.33583548,17.59829274,18.6400389,381.2463444,91.01066932,-65.86306384000001,-72.36850836512451,0.44
ARG,1989,20.10465632,39.71749502,17.59829274,15.51469828,3046.091152,92.20289031,-72.09823399,-78.19519946456654,0.16
ARG,1990,11.48109468,15.60169481,17007.28443,13.99698158,2078.316818,86.94825158,-75.4671569,-86.79548527846315,0.04
ARG,1991,10.55677756,12.58720349,18295.6092,14.6369774,140.5023787,88.3276964,-77.77091884,-88.04816836590793,0.02
ARG,1992,13.69143719,15.44533545,19476.28406,16.70240577,16.07199354,86.93232118,-73.24088399,-84.25046403437125,0.06
ARG,1993,19.21862334,18.28460493,20791.34515,19.68811042,-3.561095576,90.52539451,-71.30677116999999,-78.76990932320433,0.12
ARG,1994,20.770289,20.280578,21711.84279,19.96562325,2.849339715,90.31074809,-69.54045909000001,-77.00130998881643,0.2
ARG,1995,20.14127137,19.96060756,20819.49995,18.50041051,3.16512339,91.48657165,-71.34530028,-77.9844506065279,0.18
ARG,1996,22.69048015,20.18700183,21695.59495,19.62387245,-0.052375497,88.696028,-66.00554785,-74.41770430802154,0.32
ARG,1997,26.47018463,21.93345876,23172.15834,20.82605155,-0.463913131,89.15721512,-62.687030490000005,-70.31066460030992,0.6
ARG,1998,28.65068486,24.15329877,23783.10172,20.97076915,-1.705279624,91.89188709,-63.24120223,-68.82131190543602,0.82
ARG,1999,31.44367759,24.89334375,22714.51113,17.86292788,-1.836558392,98.57277603,-67.12909844,-68.10105299212603,0.92
ARG,2000,31.84862106,23.89473362,22281.38143,17.53348744,1.037287101,98.65619483,-66.80757377,-67.71756592185606,0.94
ARG,2001,27.13925159,20.83357465,21066.45813,15.62596533,-1.095767718,95.42573014,-68.28647855,-71.55981772402083,0.62
ARG,2002,27.92706955,15.3318584,18571.70205,10.85390524,30.55520405,96.23554479,-68.30847524,-70.98050454128884,0.72
ARG,2003,30.10405723,10.76270592,20005.13851,14.1469621,10.49570302,97.0956432,-66.99158597,-68.99546031330065,0.86
ARG,2004,28.32564647,9.682518196,21591.4494,17.55127036,18.36335425,95.91436236,-67.58871589,-70.46777377960979,0.76
ARG,2005,28.66331028,10.65349292,23262.40758,18.88826414,10.3175112,95.29212519,-66.62881490999999,-69.92058869203606,0.84
ARG,2006,28.04961193,11.91026166,24877.24939,18.68048724,13.74105249,96.10562116,-68.05600923,-70.81376553063215,0.74
ARG,2007,27.86431643,13.09854135,26850.66459,20.0991132,14.93992502,96.41543203,-68.5511156,-71.09973388769349,0.7
ARG,2008,23.49367316,12.31394671,27658.48534,19.57277588,23.17116498,100.0025134,-76.50884024,-76.5069173151402,0.36
ARG,2009,25.32273847,12.41620754,25747.19768,16.05311236,15.37764937,111.0087715,-85.68603302999999,-77.18852471941823,0.46
ARG,2010,25.4406026,12.69010625,28056.25702,17.70553381,20.91512427,107.9480905,-82.5074879,-76.4325589436897,0.48
ARG,2011,24.38712399,14.00871512,29425.75939,18.39845892,23.70347218,109.1949223,-84.80779831000001,-77.66643038309118,0.38
ARG,2012,27.17564527,15.21281502,28825.96669,16.50198653,22.31488067,111.5060523,-84.33040702999999,-75.62854687305614,0.64
ARG,2013,27.19624241,15.72909201,29227.66018,17.3057789,23.94879842,112.095354,-84.89911159,-75.73829651316325,0.66
ARG,2014,25.82170185,13.82376925,28200.81526,17.26288101,40.28297163,114.5310446,-88.70934275,-77.45440815616206,0.5
ARG,2015,27.69088504,14.41423304,28669.20613,17.07070488,26.5799916,117.7380764,-90.04719136,-76.48094322016628,0.68
ARG,2016,28.3723031,13.66763343,27802.10572,17.66322786,41.11937999,121.6668651,-93.294562,-76.68033685533005,0.78
ARG,2017,28.49528017,15.95849734,28334.90418,18.21256717,26.00637928,119.9613444,-91.46606423,-76.24628140629608,0.8
ARG,2018,30.41075648,15.95849734,27367.11509,16.61388502,42.03366896,120.2048697,-89.79411322,-74.70089476749376,0.88
ARG,2019,26.18303895,14.47762924,26629.55294,14.2100304,49.19557906,122.2835326,-96.10049365,-78.58825436811105,0.54
ARG,2020,34.50526317,15.74648977,23877.09314,14.41515574,40.0830878,140.0833201,-105.57805693,-75.36804300085974,0.98
ARG,2021,30.73095443,13.26442898,26300.27426,18.07628925,53.80208777,139.9156172,-109.18466277000002,-78.03607985656657,0.9
ARG,2022,32.19183572,12.88910093,27825.02735,17.38558614,68.99382677,136.9038372,-104.71200148,-76.48580465062378,0.96
ARG,2023,35.82185199,15.35708234,27230.39685,19.38226329,136.7423584,135.5653641,-99.74351211000001,-73.57595560797081,1.0
ARG,2024,26.33393104,15.11767784,26771.96577,15.83780024,207.6052417,136.1055622,-109.77163116000001,-80.65183331647853,0.58
ARG,2025,26.27759011,17.59829274,27846.59846,16.11358848,39.08889392,136.1055622,-109.82797209,-80.6932283403771,0.56
BRA,1976,15.30022331,54.46879498,75.10299273,23.04211984,41.20362402,61.83287432,-46.53265101,-75.25551985369844,0.2
BRA,1977,14.52078666,54.39278096,75.10299273,22.04751885,45.39805621,62.12656097,-47.60577431,-76.62708762036277,0.14
BRA,1978,14.56909626,50.42510735,75.10299273,23.03312674,38.22761123,65.39267936,-50.8235831,-77.72060052808945,0.16
BRA,1979,15.29884068,51.01291063,75.10299273,23.13792772,54.36596003,64.11446166,-48.815620980000006,-76.1382373275939,0.18
BRA,1980,11.76865071,42.05373828,75.10299273,23.11350626,92.14194461,62.94883596,-51.180185249999994,-81.30441884981283,0.08
BRA,1981,11.52991524,44.69143382,75.10299273,23.58030275,100.5288771,64.65567791,-53.12576266999999,-82.1672038516872,0.06
BRA,1982,10.46821043,45.65257234,75.10299273,21.89985654,101.0343947,67.39981766,-56.93160723,-84.46848850124915,0.02
BRA,1983,10.98583302,50.47614083,75.10299273,17.88251277,131.4840451,70.78738012,-59.80154709999999,-84.4805203959002,0.04
BRA,1984,12.78522219,50.39323009,75.10299273,17.46922541,201.7402821,73.1733284,-60.388106210000004,-82.52748307401035,0.1
BRA,1985,14.36891681,44.24583339,75.10299273,20.29909322,248.5436591,74.66205194,-60.293135129999996,-80.75472554444771,0.12
BRA,1986,20.87996256,44.24583339,75.10299273,19.96083966,149.1793183,82.6959625,-61.81599994,-74.75092866837363,0.24
BRA,1987,20.65932161,44.24583339,75.10299273,23.17360166,206.2087087,87.37848082,-66.71915920999999,-76.35651087530546,0.22
BRA,1988,80.44763566,105.3910076,75.10299273,24.34422669,627.9514702,91.01066932,-10.563033660000002,-11.606368504839386,0.72
BRA,1989,111.3253039,127.7470501,75.10299273,26.90278704,1304.424209,92.20289031,19.122413589999994,20.739494744370333,0.96
BRA,1990,30.39451422,42.08278959,12633.28846,20.1677066,2736.970678,86.94825158,-56.55373736,-65.0429839960216,0.26
BRA,1991,35.02960132,45.15931635,12546.5605,19.76876887,416.6780939,88.3276964,-53.298095079999996,-60.3413167695835,0.3
BRA,1992,60.93240882,84.4659027,12271.97885,18.93453994,969.0129628,86.93232118,-25.999912360000003,-29.90822286473313,0.54
BRA,1993,93.65884647,134.1135891,12669.42872,20.84635521,1996.150247,90.52539451,3.133451960000002,3.4614065776359157,0.8
BRA,1994,45.4613038,69.52319942,13202.9308,22.14556295,2240.168866,90.31074809,-44.84944429,-49.66124767929602,0.4
BRA,1995,32.44854688,43.49452482,13550.43937,17.29234635,93.97804306,91.48657165,-59.03802477,-64.53190201056135,0.28
BRA,1996,35.11848156,40.77849368,13641.6296,17.26694638,18.45624377,88.696028,-53.57754644,-60.40580130600662,0.32
BRA,1997,36.96512905,40.85223717,13896.62499,17.76398561,7.729023412,89.15721512,-52.19208607,-58.53938573535831,0.34
BRA,1998,39.33173174,29.53226057,13737.70264,18.16475192,4.924361585,91.89188709,-52.560155349999995,-57.197819105098965,0.36
BRA,1999,42.81105421,29.8269102,13602.41371,17.38955974,8.010500883,98.57277603,-55.76172182,-56.56908942386818,0.38
BRA,2000,46.48658781,31.14098578,14005.34719,18.90311927,5.606065141,98.65619483,-52.16960702,-52.88021407058763,0.42
BRA,2001,58.63617172,29.00403802,14016.13138,18.7418603,8.225094321,95.42573014,-36.78955842,-38.55308035476981,0.5
BRA,2002,55.00498217,29.64514194,14265.90488,17.44907948,9.798112238,96.23554479,-41.23056262000001,-42.84338256719085,0.44
BRA,2003,56.5263638,27.68566994,14259.36641,16.8566884,14.09102152,97.0956432,-40.5692794,-41.78280102273425,0.48
BRA,2004,56.33206511,29.37277026,14911.26096,17.91256834,7.752060763,95.91436236,-39.582297249999996,-41.26837344905015,0.46
BRA,2005,60.13304446,31.83978415,15221.01383,17.20488345,7.431224757,95.29212519,-35.15908072999999,-36.89610307241799,0.52
BRA,2006,63.24977948,35.42516668,15657.47957,17.81647388,6.774274088,96.10562116,-32.85584168,-34.18722160413535,0.56
BRA,2007,68.35919863,40.69093794,16440.58374,19.81932598,6.439038106,96.41543203,-28.05623340000001,-29.099318241161036,0.58
BRA,2008,70.48945297,45.782256,17113.36798,21.61938285,8.778552728,100.0025134,-29.513060429999996,-29.51231866738261,0.6
BRA,2009,76.09041944,47.49428985,16939.44078,18.79613503,7.313482743,111.0087715,-34.91835205999999,-31.45548913673006,0.64
BRA,2010,74.21938015,52.76465763,18062.15811,21.80132156,8.423338338,107.9480905,-33.72871035,-31.245305214546615,0.62
BRA,2011,76.82527514,58.07849111,18627.81045,21.82627112,8.318592222,109.1949223,-32.36964716,-29.64391244408624,0.66
BRA,2012,79.05286203,62.5192932,18832.21955,21.41722537,7.943126935,111.5060523,-32.45319026999999,-29.10442043332925,0.7
BRA,2013,78.62652781,64.23057383,19241.50598,21.69376696,7.504564534,112.095354,-33.46882619,-29.857460631240794,0.68
BRA,2014,81.90656401,66.02851039,19183.17274,20.54841076,7.846709752,114.5310446,-32.624480590000005,-28.48527288294724,0.74
BRA,2015,88.06962765,66.82970065,18357.06906,17.41162587,7.566175007,117.7380764,-29.668448749999996,-25.198686488817135,0.76
BRA,2016,93.82113793,62.19400696,17620.92724,14.96954697,8.103604376,121.6668651,-27.84572716999999,-22.886861716304704,0.84
BRA,2017,93.0595992,59.4843093,17724.47996,14.6255876,3.671384503,119.9613444,-26.901745200000008,-22.425344876345026,0.78
BRA,2018,93.71303403,60.21834794,17917.74921,15.09504163,4.493534328,120.2048697,-26.49183567,-22.038903861479746,0.82
BRA,2019,96.05785043,62.79050508,18018.62092,15.5167908,4.224258863,122.2835326,-26.22568217,-21.446618046099854,0.86
BRA,2020,109.1542171,68.69615485,17327.51572,16.1158206,6.472499623,140.0833201,-30.929103000000012,-22.079076208302983,0.92
BRA,2021,103.4656345,68.80522468,18075.706,19.52188502,13.04727086,139.9156172,-36.44998270000002,-26.051404002955014,0.88
BRA,2022,104.3022143,70.60609738,18554.04618,18.08822044,8.570281962,136.9038372,-32.601622899999995,-23.813520180864582,0.9
BRA,2023,110.1845393,71.07554055,19079.81221,15.76064721,5.159501074,135.5653641,-25.380824800000013,-18.722204575261426,0.94
BRA,2024,116.3965549,75.63087309,19652.3655,16.9814356,4.079674485,136.1055622,-19.70900730000001,-14.480677337079475,0.98
BRA,2025,118.2299013,75.10299273,20024.69683,17.07599652,5.72744779,136.1055622,-17.875660900000014,-13.133674047598925,1.0
CHL,1976,19.36229367,75.30109621,102.084209,13.33411356,245.6523127,61.83287432,-42.47058065,-68.6860850592268,0.04
CHL,1977,17.37293108,75.30109621,102.084209,14.97208036,101.3044307,62.12656097,-44.75362989,-72.03622603802401,0.02
CHL,1978,19.73822636,75.30109621,102.084209,18.47517691,56.09346368,65.39267936,-45.654453000000004,-69.815847044075,0.06
CHL,1979,22.65199799,75.30109621,102.084209,18.36829301,47.44910461,64.11446166,-41.462463670000005,-64.66944055441985,0.08
CHL,1980,26.44104221,75.30109621,102.084209,21.69175821,28.71981002,62.94883596,-36.50779375,-57.99597910467858,0.1
CHL,1981,27.51640226,75.30109621,102.084209,22.98815887,11.42005043,64.65567791,-37.139275649999995,-57.44163057372543,0.12
CHL,1982,35.88017411,75.30109621,102.084209,11.61039098,7.170555404,67.39981766,-31.519643549999998,-46.76517629320839,0.24
CHL,1983,33.01381482,75.30109621,102.084209,11.99925991,31.35351301,70.78738012,-37.773565299999994,-53.36200497315424,0.14
CHL,1984,36.21217616,75.30109621,102.084209,19.01545941,16.12825952,73.1733284,-36.961152240000004,-50.51178215913984,0.3
CHL,1985,37.64908563,75.30109621,102.084209,16.84000472,41.85818955,74.66205194,-37.012966309999996,-49.574000912464065,0.38
CHL,1986,36.6078653,75.30109621,102.084209,18.57287383,21.86994435,82.6959625,-46.08809719999999,-55.731979901679,0.32
CHL,1987,35.93755771,75.30109621,102.084209,22.00385354,25.52401652,87.37848082,-51.44092310999999,-58.871386441209125,0.26
CHL,1988,36.00306973,75.30109621,102.084209,23.03060462,20.40988841,91.01066932,-55.007599590000005,-60.440825236203196,0.28
CHL,1989,37.80707592,75.30109621,102.084209,25.65929464,13.35648749,92.20289031,-54.39581439,-58.995780074912055,0.4
CHL,1990,36.99722775,75.30109621,10955.24865,25.72326538,22.55369983,86.94825158,-49.951023830000004,-57.44914121020672,0.34
CHL,1991,35.84650329,75.30109621,11610.27833,23.34167628,21.61728382,88.3276964,-52.48119310999999,-59.41646306763639,0.22
CHL,1992,35.73828515,75.30109621,12738.61632,24.86355747,13.41683218,86.93232118,-51.19403603,-58.88953076957285,0.2
CHL,1993,37.21625341,75.30109621,13380.47222,27.78129126,12.09738027,90.52539451,-53.3091411,-58.88860400836048,0.36
CHL,1994,34.75488304,75.30109621,13849.6261,25.53433688,13.80059455,90.31074809,-55.55586505,-61.51633800512349,0.16
CHL,1995,35.61525123,75.30109621,14911.56407,27.52926225,11.06416244,91.48657165,-55.87132042,-61.070514953546194,0.18
CHL,1996,38.67438823,75.30109621,15748.46536,29.88121344,3.248659464,88.696028,-50.02163977,-56.39670783228309,0.42
CHL,1997,43.3789624,75.30109621,16687.85559,29.85926633,3.330580503,89.15721512,-45.778252720000005,-51.34553906645173,0.44
CHL,1998,46.80886019,75.30109621,17161.03356,28.61868509,0.778990207,91.89188709,-45.0830269,-49.06094360195819,0.46
CHL,1999,51.89663939,75.30109621,16900.1244,22.55047421,2.187767871,98.57277603,-46.67613664,-47.35195509335602,0.5
CHL,2000,51.58184379,75.30109621,17529.4206,23.75075659,4.560043487,98.65619483,-47.07435104,-47.71555513682283,0.48
CHL,2001,87.55772448,73.08169596,17874.53139,24.09121495,4.277146982,95.42573014,-7.868005659999994,-8.245161602071862,0.94
CHL,2002,87.08870656,74.34609828,18244.51968,24.10838935,3.340660372,96.23554479,-9.14683823,-9.504635994901609,0.92
CHL,2003,79.32358782,75.83206214,18907.34587,23.39913738,4.300300884,97.0956432,-17.772055379999998,-18.303658943164606,0.76
CHL,2004,76.11741803,76.74998578,19966.70931,21.2432281,7.024761707,95.91436236,-19.796944330000002,-20.640229307572497,0.66
CHL,2005,74.65289539,77.63456541,20923.47976,23.2677017,7.120315352,95.29212519,-20.639229799999995,-21.658903879883127,0.56
CHL,2006,74.67754258,78.11332337,21973.73829,22.18632046,12.34989592,96.10562116,-21.428078580000005,-22.296384250329947,0.58
CHL,2007,80.24159765,84.07524732,22884.29971,22.34802283,5.088757067,96.41543203,-16.173834380000002,-16.775151072255174,0.78
CHL,2008,77.25443467,100.1725681,23515.34732,28.89694243,0.311132499,100.0025134,-22.748078730000003,-22.74750699415921,0.68
CHL,2009,71.88560249,102.6870759,23019.02995,22.92000729,3.577795042,111.0087715,-39.12316901,-35.24331319169674,0.54
CHL,2010,67.19858831,99.47559066,24122.47879,24.77546713,8.857441489,107.9480905,-40.74950219,-37.749164437512675,0.52
CHL,2011,75.27888297,101.8634854,25372.27415,26.64629736,3.260514866,109.1949223,-33.916039330000004,-31.06008834075612,0.6
CHL,2012,77.62592392,104.2666865,26676.81102,28.7913494,0.763466681,111.5060523,-33.88012837999999,-30.384116091606977,0.7
CHL,2013,82.10723828,104.1493446,27297.81851,27.49695956,2.260770609,112.095354,-29.988115719999996,-26.752327058978732,0.8
CHL,2014,82.86319815,107.2940277,27511.561,25.15809358,5.852891626,114.5310446,-31.66784645,-27.65001101718756,0.82
CHL,2015,84.36149718,108.6831579,27817.95848,25.59943821,4.95436553,117.7380764,-33.376579219999996,-28.348160799406436,0.88
CHL,2016,83.17859953,109.6589862,27965.34735,23.70878973,4.560656037,121.6668651,-38.488265569999996,-31.634139285470912,0.84
CHL,2017,78.71995953,111.8597311,27899.59798,22.63666974,4.828191886,119.9613444,-41.241384870000005,-34.3788951985103,0.74
CHL,2018,77.62836625,116.0982746,28499.4064,24.20307868,1.590199737,120.2048697,-42.576503450000004,-35.41994892241874,0.72
CHL,2019,84.34607266,123.2387298,28227.97905,24.94531502,2.566359255,122.2835326,-37.93745994,-31.02417728157781,0.86
CHL,2020,93.45780567,123.5325706,26258.40386,21.07732858,9.678663681,140.0833201,-46.62551443000001,-33.28413004254602,0.98
CHL,2021,93.68122909,109.2588461,29106.63565,24.1498842,6.883001727,139.9156172,-46.23438811000001,-33.04447997674988,1.0
CHL,2022,88.58149381,112.6695848,29560.45138,25.76704006,7.547519855,136.9038372,-48.32234339,-35.29655879506641,0.96
CHL,2023,84.7276077,109.5050875,29600.41886,23.33312782,6.55832071,135.5653641,-50.83775640000002,-37.50054944897243,0.9
CHL,2024,75.30109621,104.5678163,30267.64409,23.11926696,7.127812653,136.1055622,-60.80446599000001,-44.67449015834564,0.63
CHL,2025,75.30109621,102.084209,30863.42232,24.05703861,6.803213574,136.1055622,-60.80446599000001,-44.67449015834564,0.63
COL,1976,26.9615045,28.59488605,39.85652811,17.56270314,25.45755816,61.83287432,-34.87136982,-56.39616499070102,0.18
COL,1977,27.09666787,27.36132196,39.85652811,18.75203379,29.15281707,62.12656097,-35.029893099999995,-56.384729096650645,0.22
COL,1978,27.02171664,27.80809401,39.85652811,18.28426355,17.09993136,65.39267936,-38.37096272,-58.677764996843216,0.2
COL,1979,25.82029025,27.19737352,39.85652811,18.15098539,24.04062554,64.11446166,-38.294171410000004,-59.727821802629485,0.12
COL,1980,28.79579262,30.46462293,39.85652811,19.06853774,27.61593603,62.94883596,-34.153043339999996,-54.25524208533752,0.32
COL,1981,31.71815432,32.82226458,39.85652811,20.62399478,22.7658773,64.65567791,-32.93752359,-50.942971529660056,0.44
COL,1982,31.61340777,34.17445575,39.85652811,20.4871425,24.76645731,67.39981766,-35.78640989,-53.095707277021745,0.42
COL,1983,33.37463251,36.73227494,39.85652811,19.8932137,20.4025757,70.78738012,-37.41274761,-52.85228461143393,0.56
COL,1984,32.62114866,37.32248539,39.85652811,18.96497004,22.1802267,73.1733284,-40.55217974,-55.41934558220807,0.5
COL,1985,31.26952447,35.62752083,39.85652811,19.0409037,24.88350804,74.66205194,-43.39252747,-58.11858413008947,0.39
COL,1986,31.26952447,35.62752083,39.85652811,18.00116265,29.16892637,82.6959625,-51.42643802999999,-62.18736256924272,0.39
COL,1987,26.77753567,25.48998188,39.85652811,19.99748878,23.37693652,87.37848082,-60.600945149999994,-69.35454196650338,0.14
COL,1988,23.10113893,23.22072451,39.85652811,21.98974065,27.75005625,91.01066932,-67.90953039,-74.61710906797668,0.03
COL,1989,23.10113893,23.22072451,39.85652811,19.97575416,24.68581614,92.20289031,-69.10175138,-74.94532020381303,0.03
COL,1990,24.11663869,25.91059165,9998.810697,20.60673055,52.33610317,86.94825158,-62.83161289,-72.26322754999785,0.06
COL,1991,24.72969354,23.40430918,9996.09786,19.10546385,27.00577404,88.3276964,-63.598002859999994,-72.00233386817953,0.08
COL,1992,26.93983743,25.24216003,10196.43297,20.55450146,22.66438495,86.93232118,-59.992483750000005,-69.01056239575266,0.16
COL,1993,28.46435723,28.67135265,10533.11496,24.94213311,24.84157828,90.52539451,-62.061037279999994,-68.55649468961369,0.28
COL,1994,32.10822014,31.07361273,10927.93895,25.53844675,22.09637826,90.31074809,-58.202527950000004,-64.44695585070089,0.46
COL,1995,32.92964638,33.66342958,11279.00046,25.79874333,18.85095726,91.48657165,-58.55692527,-64.00603303184332,0.52
COL,1996,33.41472135,35.32348263,11303.13089,22.15093866,16.86837879,88.696028,-55.28130665,-62.326699285789886,0.58
COL,1997,34.25344863,36.47584514,11483.50501,20.92375062,16.83985293,89.15721512,-54.90376649,-61.58084504557818,0.62
COL,1998,33.04601338,35.21855052,11343.87991,19.72807918,14.77304541,91.89188709,-58.84587371,-64.03816003078232,0.54
COL,1999,34.27402634,31.65418344,10679.70927,12.88013417,12.62294083,98.57277603,-64.29874969,-65.2297239457181,0.64
COL,2000,25.82000057,20.94747439,10813.49423,14.89562703,33.67537051,98.65619483,-72.83619426,-73.82830281008518,0.1
COL,2001,28.50914711,21.9066126,10823.45049,16.03225135,6.518448292,95.42573014,-66.91658303,-70.12425572413859,0.3
COL,2002,27.45559255,21.52330896,10925.14856,17.25154184,5.968190572,96.23554479,-68.77995224,-71.47042435317209,0.26
COL,2003,27.33453943,21.07623501,11183.29118,18.68181902,6.829014842,97.0956432,-69.76110377,-71.8478208402249,0.24
COL,2004,28.85464606,22.19913866,11607.93849,19.44099661,7.283033407,95.91436236,-67.05971629999999,-69.91624053997411,0.34
COL,2005,30.90999648,22.75271861,11999.25496,21.65624131,4.753196108,95.29212519,-64.38212870999999,-67.56290572975519,0.36
COL,2006,32.28830142,27.3293272,12636.62466,22.9389629,5.807660873,96.10562116,-63.817319739999995,-66.40331644467985,0.48
COL,2007,33.75519653,30.56656822,13318.30331,23.45428069,5.202033812,96.41543203,-62.660235500000006,-64.98984050655196,0.6
COL,2008,35.9614943,31.34288213,13591.0609,23.72092145,7.677382915,100.0025134,-64.0410191,-64.03940953348078,0.66
COL,2009,36.92013333,30.05884981,13586.75184,21.98758309,4.064225467,111.0087715,-74.08863817,-66.74124681219448,0.72
COL,2010,37.93686251,32.35295864,14037.06427,21.88876227,3.804860291,107.9480905,-70.01122799000001,-64.85638390240909,0.74
COL,2011,39.65247156,34.95997389,14852.36995,22.99559144,6.386803373,109.1949223,-69.54245073999999,-63.68652431377754,0.76
COL,2012,42.74628079,37.74485153,15279.479,22.10464406,3.616655063,111.5060523,-68.75977151,-61.66460931197364,0.84
COL,2013,45.37760998,39.48369169,15912.24713,22.18254485,1.907676432,112.095354,-66.71774402,-59.51874153499707,0.88
COL,2014,46.37815885,42.3846057,16480.36315,24.00331366,2.235632376,114.5310446,-68.15288575,-59.50603697715684,0.92
COL,2015,48.99143708,46.9053936,16821.38014,23.77369229,2.449328421,117.7380764,-68.74663932,-58.38947044322528,0.98
COL,2016,48.91995836,47.05419781,17003.24437,23.16741956,5.148334305,121.6668651,-72.74690673999999,-59.791880624365646,0.96
COL,2017,49.02411627,49.8054214,16986.03342,21.59937684,5.1337359,119.9613444,-70.93722813,-59.133405418887584,1.0
COL,2018,36.91009138,45.87070747,17104.13135,21.19547556,4.630579673,120.2048697,-83.29477832,-69.29401323580487,0.7
COL,2019,36.86598904,46.04157811,17336.7716,21.38060955,4.002620543,122.2835326,-85.41754356,-69.85204118972271,0.68
COL,2020,46.94138133,51.99877906,15861.49993,19.12814694,1.48172462,140.0833201,-93.14193877000001,-66.4903849391274,0.94
COL,2021,45.8298288,47.91240607,17383.09017,18.91695189,7.802113095,139.9156172,-94.08578840000001,-67.24466523669811,0.9
COL,2022,41.75803201,44.18831296,18458.72095,19.7872446,14.92503668,136.9038372,-95.14580519,-69.49827494681793,0.82
COL,2023,40.36301146,41.5886838,18406.62423,16.38060736,6.992906539,135.5653641,-95.20235264000002,-70.22616231810792,0.78
COL,2024,41.63262577,39.37408267,18481.83749,16.47255964,6.357571171,136.1055622,-94.47293643,-69.41151772414486,0.8
COL,2025,43.05737092,39.85652811,18778.64826,16.71905046,5.422716818,136.1055622,-93.04819128000001,-68.36472351017555,0.86
MEX,1976,38.73231218,48.00314815,35.50211225,22.2885558,19.36354569,61.83287432,-23.10056214,-37.35967702301697,0.88
MEX,1977,29.97836668,48.00314815,35.50211225,22.8457112,30.44223576,62.12656097,-32.14819429,-51.74629625084815,0.62
MEX,1978,32.02396234,48.00314815,35.50211225,23.60549422,16.00237853,65.39267936,-33.368717020000005,-51.02821500293394,0.7
MEX,1979,33.13233377,48.00314815,35.50211225,25.94664928,19.67329801,64.11446166,-30.98212789,-48.323150640020515,0.74
MEX,1980,29.77619214,48.00314815,35.50211225,25.72981767,41.40513716,62.94883596,-33.17264382,-52.69778751918322,0.6
MEX,1981,32.63644311,48.00314815,35.50211225,25.94430226,25.07554762,64.65567791,-32.01923479999999,-49.52269597199247,0.72
MEX,1982,31.29094902,48.00314815,35.50211225,21.55988646,61.08111847,67.39981766,-36.10886864,-53.574134016433185,0.66
MEX,1983,28.40351693,48.00314815,35.50211225,19.78151126,88.85988117,70.78738012,-42.38386319,-59.874886057585606,0.5
MEX,1984,29.13411489,48.00314815,35.50211225,18.93074176,59.26463123,73.1733284,-44.03921351,-60.184789284506564,0.54
MEX,1985,25.49850291,48.00314815,35.50211225,20.00977669,59.14951623,74.66205194,-49.16354903,-65.84810858066005,0.34
MEX,1986,26.56778188,48.00314815,35.50211225,17.83419879,70.85101727,82.6959625,-56.128180619999995,-67.8729395283355,0.44
MEX,1987,25.97513147,48.00314815,35.50211225,18.31057874,142.0253387,87.37848082,-61.40334934999999,-70.27285067646247,0.38
MEX,1988,11.12999972,48.00314815,35.50211225,22.75126853,100.5759863,91.01066932,-79.8806696,-87.77066490867557,0.02
MEX,1989,16.51663765,48.00314815,35.50211225,23.10624119,27.39440044,92.20289031,-75.68625266000001,-82.08663785433562,0.04
MEX,1990,22.51341708,48.00314815,17169.59259,23.27060354,28.10591239,86.94825158,-64.43483450000001,-74.1071077671002,0.12
MEX,1991,26.11474576,48.00314815,17511.73131,23.42627673,23.71325751,88.3276964,-62.21295063999999,-70.43425015666999,0.42
MEX,1992,27.13845607,48.00314815,17796.40597,23.32059903,14.81388558,86.93232118,-59.79386511,-68.78208737368492,0.46
MEX,1993,21.58680066,48.00314815,17970.58719,22.62403067,42.86762323,90.52539451,-68.93859384999999,-76.15387286976652,0.08
MEX,1994,22.91993355,48.00314815,18422.81993,24.33725794,8.360627287,90.31074809,-67.39081454000001,-74.62103455597673,0.14
MEX,1995,23.13939381,48.00314815,17028.1215,19.31154336,38.8092294,91.48657165,-68.34717784,-74.707333117122,0.16
MEX,1996,21.83881419,48.00314815,17775.87279,19.73762696,26.696774,88.696028,-66.85721380999999,-75.37791186094601,0.1
MEX,1997,27.14071542,20.31290908,18737.64265,21.14601713,17.73369115,89.15721512,-62.016499700000004,-69.55858773351062,0.48
MEX,1998,25.94257689,17.93177764,19573.06546,22.80395162,15.71605544,91.89188709,-65.9493102,-71.76837073267248,0.36
MEX,1999,25.99769685,15.538535,19793.28529,22.24343775,15.31908134,98.57277603,-72.57507918,-73.6258854654882,0.4
MEX,2000,21.35725151,14.34778095,20470.49377,22.26492461,10.69796455,98.65619483,-77.29894332,-78.35183938849266,0.06
MEX,2001,23.94671874,12.24097723,20078.21839,20.27382156,6.473009149,95.42573014,-71.47901139999999,-74.90538589029651,0.2
MEX,2002,23.90551374,14.17826254,19744.79337,20.40842563,5.502324114,96.23554479,-72.33003105,-75.15937194290808,0.18
MEX,2003,24.77253782,14.64127546,19701.46339,20.88084586,4.279667261,97.0956432,-72.32310538,-74.48645788465204,0.24
MEX,2004,25.01010318,14.10549326,20127.22429,22.04617823,8.117443128,95.91436236,-70.90425918,-73.92454835269781,0.28
MEX,2005,25.43708318,15.31359081,20277.25529,21.52214597,5.884982746,95.29212519,-69.85504200999999,-73.30620643701482,0.32
MEX,2006,24.40477832,18.35189167,20965.82561,22.56410295,6.107154369,96.10562116,-71.70084284,-74.60629458981379,0.22
MEX,2007,24.81360874,20.43946981,21102.26883,23.07191469,6.127792141,96.41543203,-71.60182329,-74.26386189683912,0.26
MEX,2008,25.18026361,19.75537532,20992.56027,24.12131588,6.310381643,100.0025134,-74.82224979,-74.82036925483915,0.3
MEX,2009,28.47563996,21.61192257,19385.54373,23.25925081,5.243482418,111.0087715,-82.53313154,-74.34829736855524,0.52
MEX,2010,29.30788464,22.32377503,20058.38549,23.33148941,4.372964401,107.9480905,-78.64020586000001,-72.85002031601476,0.56
MEX,2011,29.48742624,23.58483284,20457.60017,24.25175813,5.669633686,109.1949223,-79.70749606,-72.99560673802503,0.58
MEX,2012,29.98510736,24.92705638,20898.93572,24.37773906,4.542214931,111.5060523,-81.52094493999999,-73.10898669488634,0.64
MEX,2013,31.65407987,27.85905933,20805.34804,22.6807316,1.703882814,112.095354,-80.44127413,-71.7614702657525,0.68
MEX,2014,33.19596884,28.18368211,21069.76617,22.29327598,4.368368902,114.5310446,-81.33507576,-71.01574603118567,0.76
MEX,2015,35.12920262,30.83049787,21408.92832,23.73612975,3.225428911,117.7380764,-82.60887378,-70.16326094826533,0.78
MEX,2016,36.55344349,32.95084239,21578.26335,24.34339234,6.077587842,121.6668651,-85.11342160999999,-69.95612284416457,0.82
MEX,2017,37.44990477,34.34312567,21777.52251,23.89235071,6.567594911,119.9613444,-82.51143963,-68.78168967069361,0.86
MEX,2018,36.48982086,33.61521781,21997.77302,23.47749306,5.204499975,120.2048697,-83.71504884000001,-69.6436417667029,0.8
MEX,2019,36.76748873,35.58518648,21704.18595,22.14854264,4.319010236,122.2835326,-85.51604387,-69.93259194574495,0.84
MEX,2020,43.50138124,36.93258977,19728.48178,20.23665935,4.619790125,140.0833201,-96.58193886000001,-68.94606637753441,0.96
MEX,2021,42.99093586,35.05706055,20782.58774,21.70749393,4.487972743,139.9156172,-96.92468134,-69.27366885817518,0.94
MEX,2022,41.70869538,34.24876961,21391.85737,22.77019489,6.666649468,136.9038372,-95.19514182,-69.53431238083661,0.9
MEX,2023,42.90254144,33.22560992,21864.92361,23.30500413,4.676374048,135.5653641,-92.66282266000002,-68.35287410997336,0.92
MEX,2024,46.43987476,35.07481995,21970.35204,23.90340645,3.746627359,136.1055622,-89.66568744,-65.87951733246652,0.98
MEX,2025,48.00314815,35.50211225,21911.92928,22.6109827,4.630958023,136.1055622,-88.10241405000001,-64.73094311938414,1.0
URY,1976,26.91812267,22.34369323,30.75760626,20.95897876,47.29149242,61.83287432,-34.91475165,-56.46632480532566,0.02
URY,1977,30.97361333,25.7328905,30.75760626,21.48539449,55.60669162,62.12656097,-31.15294764,-50.14432982222097,0.04
URY,1978,38.33838809,29.34125865,30.75760626,22.71022887,46.80166099,65.39267936,-27.05429127,-41.372048881894905,0.2
URY,1979,37.37554753,33.94831982,30.75760626,24.04150048,79.20819471,64.11446166,-26.738914130000005,-41.704965522126486,0.16
URY,1980,39.51424016,37.23591167,30.75760626,17.34631903,54.76270098,62.94883596,-23.434595799999997,-37.228005002175415,0.24
URY,1981,45.48544147,40.42415806,30.75760626,21.39046357,27.34459951,64.65567791,-19.170236439999996,-29.649733882126732,0.52
URY,1982,63.88495455,72.38234399,30.75760626,19.79651878,18.16226689,67.39981766,-3.514863109999993,-5.2149445384716095,1.0
URY,1983,52.50320705,57.96174349,30.75760626,14.25354201,53.73104707,70.78738012,-18.284173069999994,-25.829707271273982,0.8
URY,1984,58.41878892,52.82851831,30.75760626,12.1267005,56.34960683,73.1733284,-14.754539480000005,-20.163821712939882,0.92
URY,1985,52.25060166,55.28629207,30.75760626,11.37877294,74.01716145,74.66205194,-22.411450279999997,-30.017190390119886,0.78
URY,1986,54.35695924,46.77741229,30.75760626,11.18166228,70.96333508,82.6959625,-28.33900325999999,-34.26890794094088,0.86
URY,1987,45.60122826,37.05291261,30.75760626,14.29512041,72.78399122,87.37848082,-41.777252559999994,-47.81183212152806,0.54
URY,1988,46.83627141,38.31548547,30.75760626,14.66974755,74.63639178,91.01066932,-44.17439791,-48.537603601924594,0.6
URY,1989,53.54206938,36.33086492,30.75760626,12.06646355,76.07946615,92.20289031,-38.66082093,-41.930161625103615,0.82
URY,1990,55.84337267,32.43984008,14060.84015,12.20085101,106.8366765,86.94825158,-31.104878910000004,-35.774013099482275,0.88
URY,1991,48.84356626,25.51205009,14474.72723,15.12534471,100.8081676,88.3276964,-39.48413013999999,-44.701867873008396,0.64
URY,1992,42.66986949,25.31990378,15536.48133,15.3848956,59.6236227,86.93232118,-44.26245169,-50.915989690820766,0.38
URY,1993,38.37694036,24.86348115,15865.27151,15.64129551,47.85192889,90.52539451,-52.14845415,-57.606436770887925,0.22
URY,1994,36.60305465,23.85579907,16932.02204,15.87163413,38.95718236,90.31074809,-53.70769344000001,-59.46987991559666,0.14
URY,1995,36.04285582,26.43822057,16600.0329,15.40771142,41.04832687,91.48657165,-55.44371583,-60.603118938712576,0.08
URY,1996,36.21040017,26.80770338,17433.68669,15.24021227,26.43173778,88.696028,-52.48562783,-59.17472181505129,0.1
URY,1997,33.66339515,25.90578431,18823.93479,16.84529339,27.4851661,89.15721512,-55.493819970000004,-62.24265741735967,0.06
URY,1998,36.29611467,40.521269,19577.78255,17.33757808,12.38390546,91.89188709,-55.595772419999996,-60.50128491272449,0.12
URY,1999,40.08127742,43.5957665,19192.7103,15.07533096,3.882996065,98.57277603,-58.49149861,-59.33839034034963,0.28
URY,2000,43.24048613,45.09422693,18752.05071,14.4570209,3.539308493,98.65619483,-55.4157087,-56.17053120231314,0.4
URY,2001,49.15120645,53.85388568,17986.89395,14.32793979,4.826618333,95.42573014,-46.27452369,-48.49271116093134,0.68
URY,2002,59.56629305,70.51173827,16572.7819,13.07290595,12.61627664,96.23554479,-36.66925174000001,-38.1036464437518,0.98
URY,2003,58.40820382,43.18654311,16694.4326,15.20630885,16.54163515,97.0956432,-38.68743938,-39.844670785393184,0.9
URY,2004,48.97946675,24.1933896,17519.37299,17.4684628,10.105056,95.91436236,-46.93489561,-48.93416841352392,0.66
URY,2005,45.28475535,22.47494307,18811.31248,17.69885816,0.677868374,95.29212519,-50.007369839999996,-52.47796682075445,0.5
URY,2006,45.20977722,23.75193528,19560.07435,19.46057343,7.41439913,96.10562116,-50.89584394,-52.9582383690823,0.48
URY,2007,39.93378583,23.02997259,20803.88531,19.52605528,10.31496818,96.41543203,-56.48164620000001,-58.58154136821743,0.26
URY,2008,43.98744959,27.16853395,22249.37509,23.20809459,8.902388578,100.0025134,-56.01506381,-56.01365596277104,0.42
URY,2009,37.81978418,19.8647261,23138.07331,19.62477452,8.617074545,111.0087715,-73.18898732,-65.93081459333148,0.18
URY,2010,40.52392033,21.40403612,24879.8256,19.40760548,5.746856984,107.9480905,-67.42417017,-62.45980809637387,0.32
URY,2011,41.38090999,21.97399051,26099.31165,20.88231101,9.875420246,109.1949223,-67.81401231000001,-62.10363163562598,0.34
URY,2012,40.16449946,22.17052919,26953.2709,22.91537973,9.412912474,111.5060523,-71.34155283999999,-63.97998258252391,0.3
URY,2013,41.97292944,24.37688152,28119.47269,22.48441201,8.999246669,112.095354,-70.12242456,-62.556048986651135,0.36
URY,2014,44.01859484,25.16679317,28935.08649,21.20281224,10.2206566,114.5310446,-70.51244976000001,-61.56623298623089,0.44
URY,2015,49.42991068,27.81400853,28941.61845,19.7053904,9.855420322,117.7380764,-68.30816572,-58.01705600143473,0.7
URY,2016,46.71193183,25.6815823,29332.55616,17.38918657,8.165456543,121.6668651,-74.95493327,-61.60669399050703,0.58
URY,2017,44.27518777,23.92630027,29762.42207,15.92400932,5.680172805,119.9613444,-75.68615663,-63.09212105662263,0.46
URY,2018,45.97603886,24.94485122,29757.92761,14.85341398,7.525562174,120.2048697,-74.22883084,-61.75193319975788,0.56
URY,2019,48.78338585,25.3082497,30010.56288,14.12081135,8.256330832,122.2835326,-73.50014675,-60.10633254309501,0.62
URY,2020,59.12690147,27.88463978,27788.17496,16.23365571,10.72339579,140.0833201,-80.95641863,-57.79161899661457,0.96
URY,2021,58.75064182,26.7129872,29431.87388,18.19670198,11.07400816,139.9156172,-81.16497538000002,-58.00994699825404,0.94
URY,2022,52.08044503,26.38220447,30840.07098,18.61484039,5.989019483,136.9038372,-84.82339217,-61.9583745093158,0.76
URY,2023,50.33792035,28.13801091,31100.96969,17.65662838,4.053429381,135.5653641,-85.22744375000002,-62.86815538453602,0.72
URY,2024,54.21914435,30.56525671,32149.48007,15.92301137,4.184626016,136.1055622,-81.88641785000002,-60.16390258149201,0.84
URY,2025,51.47128923,30.75760626,32741.62469,16.17835396,4.333084541,136.1055622,-84.63427297000001,-62.18281722067638,0.74
WLD,1976,61.83287432,136.1055622,140.3204509,26.29296003,9.281522019,61.83287432,0.0,0.0,0.02
WLD,1977,62.12656097,72.07925509,140.3204509,26.56692778,9.693085608,62.12656097,0.0,0.0,0.04
WLD,1978,65.39267936,72.07925509,140.3204509,26.91048151,7.797801406,65.39267936,0.0,0.0,0.12
WLD,1979,64.11446166,72.07925509,140.3204509,27.17505545,11.51224723,64.11446166,0.0,0.0,0.08
WLD,1980,62.94883596,72.07925509,140.3204509,26.59882432,13.05354569,62.94883596,0.0,0.0,0.06
WLD,1981,64.65567791,72.81777669,140.3204509,25.93502514,10.04785874,64.65567791,0.0,0.0,0.1
WLD,1982,67.39981766,75.53162967,140.3204509,24.55886113,8.113086842,67.39981766,0.0,0.0,0.14
WLD,1983,70.78738012,80.1446352,140.3204509,24.1114659,7.725272838,70.78738012,0.0,0.0,0.16
WLD,1984,73.1733284,82.67042743,140.3204509,25.24186467,7.923232848,73.1733284,0.0,0.0,0.18
WLD,1985,74.66205194,87.54898181,140.3204509,25.00179932,5.526820143,74.66205194,0.0,0.0,0.2
WLD,1986,82.6959625,98.56793328,140.3204509,25.05486351,5.097969808,82.6959625,0.0,0.0,0.22
WLD,1987,87.37848082,105.0024373,140.3204509,25.26948615,7.176368511,87.37848082,0.0,0.0,0.28
WLD,1988,91.01066932,109.5939205,140.3204509,26.38648166,6.513415319,91.01066932,0.0,0.0,0.4
WLD,1989,92.20289031,115.0575142,140.3204509,26.9406614,7.147738828,92.20289031,0.0,0.0,0.46
WLD,1990,86.94825158,115.0575142,11275.13398,26.56903573,7.906598429,86.94825158,0.0,0.0,0.26
WLD,1991,88.3276964,115.0575142,11183.41069,25.87645793,8.665658945,88.3276964,0.0,0.0,0.3
WLD,1992,86.93232118,115.0575142,11147.5576,25.25877943,7.344066929,86.93232118,0.0,0.0,0.24
WLD,1993,90.52539451,121.3731475,11138.33219,24.7053019,7.559538278,90.52539451,0.0,0.0,0.38
WLD,1994,90.31074809,119.9359016,11264.77783,25.02422812,9.808157635,90.31074809,0.0,0.0,0.36
WLD,1995,91.48657165,120.73523,11442.80415,25.04717277,8.667818239,91.48657165,0.0,0.0,0.42
WLD,1996,88.696028,120.1820714,11691.70786,24.84646941,6.619638968,88.696028,0.0,0.0,0.32
WLD,1997,89.15721512,123.0708337,11979.7238,24.63104906,4.260791089,89.15721512,0.0,0.0,0.34
WLD,1998,91.89188709,128.77583,12098.40319,24.20868887,4.675120892,91.89188709,0.0,0.0,0.44
WLD,1999,98.57277603,139.0020602,12360.74333,24.33881846,4.210807178,98.57277603,0.0,0.0,0.62
WLD,2000,98.65619483,134.39255,12780.63814,24.69810478,5.24260503,98.65619483,0.0,0.0,0.64
WLD,2001,95.42573014,123.4456402,12915.05532,23.89055537,3.941794104,95.42573014,0.0,0.0,0.5
WLD,2002,96.23554479,120.5947098,13104.3468,23.25386343,3.583238511,96.23554479,0.0,0.0,0.56
WLD,2003,97.0956432,124.3907903,13410.59783,23.42721642,4.003965725,97.0956432,0.0,0.0,0.6
WLD,2004,95.91436236,124.2670753,13921.3401,24.09493129,5.629248197,95.91436236,0.0,0.0,0.52
WLD,2005,95.29212519,125.1203747,14377.20536,24.45938842,5.777817973,95.29212519,0.0,0.0,0.48
WLD,2006,96.10562116,127.7166488,14934.6933,25.00717173,5.875935811,96.10562116,0.0,0.0,0.54
WLD,2007,96.41543203,127.9225622,15519.53751,25.46622709,5.953545136,96.41543203,0.0,0.0,0.58
WLD,2008,100.0025134,119.8925723,15756.19739,25.46020818,7.860966094,100.0025134,0.0,0.0,0.66
WLD,2009,111.0087715,124.4842918,15456.59251,23.42349319,2.035574468,111.0087715,0.0,0.0,0.72
WLD,2010,107.9480905,119.2008466,16050.85285,24.62677158,4.229784729,107.9480905,0.0,0.0,0.68
WLD,2011,109.1949223,114.5994752,16478.65087,25.34954276,5.476499433,109.1949223,0.0,0.0,0.7
WLD,2012,111.5060523,115.4197582,16785.05388,25.48716075,3.606434269,111.5060523,0.0,0.0,0.74
WLD,2013,112.095354,117.4883695,17121.72318,25.59703759,2.260770609,112.095354,0.0,0.0,0.76
WLD,2014,114.5310446,118.8069186,17502.78046,25.87947205,1.974397796,114.5310446,0.0,0.0,0.78
WLD,2015,117.7380764,123.1119222,17870.97974,25.92454086,2.320565354,117.7380764,0.0,0.0,0.8
WLD,2016,121.6668651,124.550893,18234.01877,25.66630537,1.987078912,121.6668651,0.0,0.0,0.86
WLD,2017,119.9613444,125.4241118,18714.57368,26.1215187,2.974740108,119.9613444,0.0,0.0,0.82
WLD,2018,120.2048697,124.755658,19189.49223,26.66189953,2.787709514,120.2048697,0.0,0.0,0.84
WLD,2019,122.2835326,129.2855601,19551.08537,26.56411734,2.37586014,122.2835326,0.0,0.0,0.88
WLD,2020,140.0833201,144.7530921,18812.49218,26.45742608,1.982160556,140.0833201,0.0,0.0,1.0
WLD,2021,139.9156172,141.7634573,19875.56692,27.23730539,4.557808315,139.9156172,0.0,0.0,0.98
WLD,2022,136.9038372,134.4255445,20421.73368,27.47393935,7.333874589,136.9038372,0.0,0.0,0.96
WLD,2023,135.5653641,135.9707942,20894.86637,26.65774659,4.992518878,135.5653641,0.0,0.0,0.9
WLD,2024,136.1055622,140.3204509,21393.18436,26.28769098,4.087575663,136.1055622,0.0,0.0,0.93
WLD,2025,136.1055622,140.3204509,21913.50949,26.28769098,3.331760947,136.1055622,0.0,0.0,0.93
