Country Name,Country Code,Series Name,Series Code,1976 [YR1976],1977 [YR1977],1978 [YR1978],1979 [YR1979],1980 [YR1980],1981 [YR1981],1982 [YR1982],1983 [YR1983],1984 [YR1984],1985 [YR1985],1986 [YR1986],1987 [YR1987],1988 [YR1988],1989 [YR1989],1990 [YR1990],1991 [YR1991],1992 [YR1992],1993 [YR1993],1994 [YR1994],1995 [YR1995],1996 [YR1996],1997 [YR1997],1998 [YR1998],1999 [YR1999],2000 [YR2000],2001 [YR2001],2002 [YR2002],2003 [YR2003],2004 [YR2004],2005 [YR2005],2006 [YR2006],2007 [YR2007],2008 [YR2008],2009 [YR2009],2010 [YR2010],2011 [YR2011],2012 [YR2012],2013 [YR2013],2014 [YR2014],2015 [YR2015],2016 [YR2016],2017 [YR2017],2018 [YR2018],2019 [YR2019],2020 [YR2020],2021 [YR2021],2022 [YR2022],2023 [YR2023],2024 [YR2024],2025 [YR2025]
Chile,CHL,Broad money (% of GDP),FM.LBL.BMNY.GD.ZS,19.36229367,17.37293108,19.73822636,22.65199799,26.44104221,27.51640226,35.88017411,33.01381482,36.21217616,37.64908563,36.6078653,35.93755771,36.00306973,37.80707592,36.99722775,35.84650329,35.73828515,37.21625341,34.75488304,35.61525123,38.67438823,43.3789624,46.80886019,51.89663939,51.58184379,87.55772448,87.08870656,79.32358782,76.11741803,74.65289539,74.67754258,80.24159765,77.25443467,71.88560249,67.19858831,75.27888297,77.62592392,82.10723828,82.86319815,84.36149718,83.17859953,78.71995953,77.62836625,84.34607266,93.45780567,93.68122909,88.58149381,84.7276077,75.30109621,..
Chile,CHL,"GDP per capita, PPP (constant 2021 international $)",NY.GDP.PCAP.PP.KD,..,..,..,..,..,..,..,..,..,..,..,..,..,..,10955.24865,11610.27833,12738.61632,13380.47222,13849.6261,14911.56407,15748.46536,16687.85559,17161.03356,16900.1244,17529.4206,17874.53139,18244.51968,18907.34587,19966.70931,20923.47976,21973.73829,22884.29971,23515.34732,23019.02995,24122.47879,25372.27415,26676.81102,27297.81851,27511.561,27817.95848,27965.34735,27899.59798,28499.4064,28227.97905,26258.40386,29106.63565,29560.45138,29600.41886,30267.64409,30863.42232
Chile,CHL,Domestic credit to private sector (% of GDP),FS.AST.PRVT.GD.ZS,..,..,..,..,..,..,..,..,..,..,..,..,..,..,..,..,..,..,..,..,..,..,..,..,..,73.08169596,74.34609828,75.83206214,76.74998578,77.63456541,78.11332337,84.07524732,100.1725681,102.6870759,99.47559066,101.8634854,104.2666865,104.1493446,107.2940277,108.6831579,109.6589862,111.8597311,116.0982746,123.2387298,123.5325706,109.2588461,112.6695848,109.5050875,104.5678163,102.084209
Chile,CHL,Gross capital formation (% of GDP),NE.GDI.TOTL.ZS,13.33411356,14.97208036,18.47517691,18.36829301,21.69175821,22.98815887,11.61039098,11.99925991,19.01545941,16.84000472,18.57287383,22.00385354,23.03060462,25.65929464,25.72326538,23.34167628,24.86355747,27.78129126,25.53433688,27.52926225,29.88121344,29.85926633,28.61868509,22.55047421,23.75075659,24.09121495,24.10838935,23.39913738,21.2432281,23.2677017,22.18632046,22.34802283,28.89694243,22.92000729,24.77546713,26.64629736,28.7913494,27.49695956,25.15809358,25.59943821,23.70878973,22.63666974,24.20307868,24.94531502,21.07732858,24.1498842,25.76704006,23.33312782,23.11926696,24.05703861
Chile,CHL,"Inflation, GDP deflator (annual %)",NY.GDP.DEFL.KD.ZG,245.6523127,101.3044307,56.09346368,47.44910461,28.71981002,11.42005043,7.170555404,31.35351301,16.12825952,41.85818955,21.86994435,25.52401652,20.40988841,13.35648749,22.55369983,21.61728382,13.41683218,12.09738027,13.80059455,11.06416244,3.248659464,3.330580503,0.778990207,2.187767871,4.560043487,4.277146982,3.340660372,4.300300884,7.024761707,7.120315352,12.34989592,5.088757067,0.311132499,3.577795042,8.857441489,3.260514866,0.763466681,2.260770609,5.852891626,4.95436553,4.560656037,4.828191886,1.590199737,2.566359255,9.678663681,6.883001727,7.547519855,6.55832071,7.127812653,6.803213574
Colombia,COL,Broad money (% of GDP),FM.LBL.BMNY.GD.ZS,26.9615045,27.09666787,27.02171664,25.82029025,28.79579262,31.71815432,31.61340777,33.37463251,32.62114866,31.26952447,..,26.77753567,23.10113893,..,24.11663869,24.72969354,26.93983743,28.46435723,32.10822014,32.92964638,33.41472135,34.25344863,33.04601338,34.27402634,25.82000057,28.50914711,27.45559255,27.33453943,28.85464606,30.90999648,32.28830142,33.75519653,35.9614943,36.92013333,37.93686251,39.65247156,42.74628079,45.37760998,46.37815885,48.99143708,48.91995836,49.02411627,36.91009138,36.86598904,46.94138133,45.8298288,41.75803201,40.36301146,41.63262577,43.05737092
Colombia,COL,"GDP per capita, PPP (constant 2021 international $)",NY.GDP.PCAP.PP.KD,..,..,..,..,..,..,..,..,..,..,..,..,..,..,9998.810697,9996.09786,10196.43297,10533.11496,10927.93895,11279.00046,11303.13089,11483.50501,11343.87991,10679.70927,10813.49423,10823.45049,10925.14856,11183.29118,11607.93849,11999.25496,12636.62466,13318.30331,13591.0609,13586.75184,14037.06427,14852.36995,15279.479,15912.24713,16480.36315,16821.38014,17003.24437,16986.03342,17104.13135,17336.7716,15861.49993,17383.09017,18458.72095,18406.62423,18481.83749,18778.64826
Colombia,COL,Domestic credit to private sector (% of GDP),FS.AST.PRVT.GD.ZS,28.59488605,27.36132196,27.80809401,27.19737352,30.46462293,32.82226458,34.17445575,36.73227494,37.32248539,35.62752083,..,25.48998188,23.22072451,..,25.91059165,23.40430918,25.24216003,28.67135265,31.07361273,33.66342958,35.32348263,36.47584514,35.21855052,31.65418344,20.94747439,21.9066126,21.52330896,21.07623501,22.19913866,22.75271861,27.3293272,30.56656822,31.34288213,30.05884981,32.35295864,34.95997389,37.74485153,39.48369169,42.3846057,46.9053936,47.05419781,49.8054214,45.87070747,46.04157811,51.99877906,47.91240607,44.18831296,41.5886838,39.37408267,39.85652811
Colombia,COL,Gross capital formation (% of GDP),NE.GDI.TOTL.ZS,17.56270314,18.75203379,18.28426355,18.15098539,19.06853774,20.62399478,20.4871425,19.8932137,18.96497004,19.0409037,18.00116265,19.99748878,21.98974065,19.97575416,20.60673055,19.10546385,20.55450146,24.94213311,25.53844675,25.79874333,22.15093866,20.92375062,19.72807918,12.88013417,14.89562703,16.03225135,17.25154184,18.68181902,19.44099661,21.65624131,22.9389629,23.45428069,23.72092145,21.98758309,21.88876227,22.99559144,22.10464406,22.18254485,24.00331366,23.77369229,23.16741956,21.59937684,21.19547556,21.38060955,19.12814694,18.91695189,19.7872446,16.38060736,16.47255964,16.71905046
Colombia,COL,"Inflation, GDP deflator (annual %)",NY.GDP.DEFL.KD.ZG,25.45755816,29.15281707,17.09993136,24.04062554,27.61593603,22.7658773,24.76645731,20.4025757,22.1802267,24.88350804,29.16892637,23.37693652,27.75005625,24.68581614,52.33610317,27.00577404,22.66438495,24.84157828,22.09637826,18.85095726,16.86837879,16.83985293,14.77304541,12.62294083,33.67537051,6.518448292,5.968190572,6.829014842,7.283033407,4.753196108,5.807660873,5.202033812,7.677382915,4.064225467,3.804860291,6.386803373,3.616655063,1.907676432,2.235632376,2.449328421,5.148334305,5.1337359,4.630579673,4.002620543,1.48172462,7.802113095,14.92503668,6.992906539,6.357571171,5.422716818
Brazil,BRA,Broad money (% of GDP),FM.LBL.BMNY.GD.ZS,15.30022331,14.52078666,14.56909626,15.29884068,11.76865071,11.52991524,10.46821043,10.98583302,12.78522219,14.36891681,20.87996256,20.65932161,80.44763566,111.3253039,30.39451422,35.02960132,60.93240882,93.65884647,45.4613038,32.44854688,35.11848156,36.96512905,39.33173174,42.81105421,46.48658781,58.63617172,55.00498217,56.5263638,56.33206511,60.13304446,63.24977948,68.35919863,70.48945297,76.09041944,74.21938015,76.82527514,79.05286203,78.62652781,81.90656401,88.06962765,93.82113793,93.0595992,93.71303403,96.05785043,109.1542171,103.4656345,104.3022143,110.1845393,116.3965549,118.2299013
Brazil,BRA,"GDP per capita, PPP (constant 2021 international $)",NY.GDP.PCAP.PP.KD,..,..,..,..,..,..,..,..,..,..,..,..,..,..,12633.28846,12546.5605,12271.97885,12669.42872,13202.9308,13550.43937,13641.6296,13896.62499,13737.70264,13602.41371,14005.34719,14016.13138,14265.90488,14259.36641,14911.26096,15221.01383,15657.47957,16440.58374,17113.36798,16939.44078,18062.15811,18627.81045,18832.21955,19241.50598,19183.17274,18357.06906,17620.92724,17724.47996,17917.74921,18018.62092,17327.51572,18075.706,18554.04618,19079.81221,19652.3655,20024.69683
Brazil,BRA,Domestic credit to private sector (% of GDP),FS.AST.PRVT.GD.ZS,54.46879498,54.39278096,50.42510735,51.01291063,42.05373828,44.69143382,45.65257234,50.47614083,50.39323009,44.24583339,..,..,105.3910076,127.7470501,42.08278959,45.15931635,84.4659027,134.1135891,69.52319942,43.49452482,40.77849368,40.85223717,29.53226057,29.8269102,31.14098578,29.00403802,29.64514194,27.68566994,29.37277026,31.83978415,35.42516668,40.69093794,45.782256,47.49428985,52.76465763,58.07849111,62.5192932,64.23057383,66.02851039,66.82970065,62.19400696,59.4843093,60.21834794,62.79050508,68.69615485,68.80522468,70.60609738,71.07554055,75.63087309,75.10299273
Brazil,BRA,Gross capital formation (% of GDP),NE.GDI.TOTL.ZS,23.04211984,22.04751885,23.03312674,23.13792772,23.11350626,23.58030275,21.89985654,17.88251277,17.46922541,20.29909322,19.96083966,23.17360166,24.34422669,26.90278704,20.1677066,19.76876887,18.93453994,20.84635521,22.14556295,17.29234635,17.26694638,17.76398561,18.16475192,17.38955974,18.90311927,18.7418603,17.44907948,16.8566884,17.91256834,17.20488345,17.81647388,19.81932598,21.61938285,18.79613503,21.80132156,21.82627112,21.41722537,21.69376696,20.54841076,17.41162587,14.96954697,14.6255876,15.09504163,15.5167908,16.1158206,19.52188502,18.08822044,15.76064721,16.9814356,17.07599652
Brazil,BRA,"Inflation, GDP deflator (annual %)",NY.GDP.DEFL.KD.ZG,41.20362402,45.39805621,38.22761123,54.36596003,92.14194461,100.5288771,101.0343947,131.4840451,201.7402821,248.5436591,149.1793183,206.2087087,627.9514702,1304.424209,2736.970678,416.6780939,969.0129628,1996.150247,2240.168866,93.97804306,18.45624377,7.729023412,4.924361585,8.010500883,5.606065141,8.225094321,9.798112238,14.09102152,7.752060763,7.431224757,6.774274088,6.439038106,8.778552728,7.313482743,8.423338338,8.318592222,7.943126935,7.504564534,7.846709752,7.566175007,8.103604376,3.671384503,4.493534328,4.224258863,6.472499623,13.04727086,8.570281962,5.159501074,4.079674485,5.72744779
Mexico,MEX,Broad money (% of GDP),FM.LBL.BMNY.GD.ZS,38.73231218,29.97836668,32.02396234,33.13233377,29.77619214,32.63644311,31.29094902,28.40351693,29.13411489,25.49850291,26.56778188,25.97513147,11.12999972,16.51663765,22.51341708,26.11474576,27.13845607,21.58680066,22.91993355,23.13939381,21.83881419,27.14071542,25.94257689,25.99769685,21.35725151,23.94671874,23.90551374,24.77253782,25.01010318,25.43708318,24.40477832,24.81360874,25.18026361,28.47563996,29.30788464,29.48742624,29.98510736,31.65407987,33.19596884,35.12920262,36.55344349,37.44990477,36.48982086,36.76748873,43.50138124,42.99093586,41.70869538,42.90254144,46.43987476,48.00314815
Mexico,MEX,"GDP per capita, PPP (constant 2021 international $)",NY.GDP.PCAP.PP.KD,..,..,..,..,..,..,..,..,..,..,..,..,..,..,17169.59259,17511.73131,17796.40597,17970.58719,18422.81993,17028.1215,17775.87279,18737.64265,19573.06546,19793.28529,20470.49377,20078.21839,19744.79337,19701.46339,20127.22429,20277.25529,20965.82561,21102.26883,20992.56027,19385.54373,20058.38549,20457.60017,20898.93572,20805.34804,21069.76617,21408.92832,21578.26335,21777.52251,21997.77302,21704.18595,19728.48178,20782.58774,21391.85737,21864.92361,21970.35204,21911.92928
Mexico,MEX,Domestic credit to private sector (% of GDP),FS.AST.PRVT.GD.ZS,..,..,..,..,..,..,..,..,..,..,..,..,..,..,..,..,..,..,..,..,..,20.31290908,17.93177764,15.538535,14.34778095,12.24097723,14.17826254,14.64127546,14.10549326,15.31359081,18.35189167,20.43946981,19.75537532,21.61192257,22.32377503,23.58483284,24.92705638,27.85905933,28.18368211,30.83049787,32.95084239,34.34312567,33.61521781,35.58518648,36.93258977,35.05706055,34.24876961,33.22560992,35.07481995,35.50211225
Mexico,MEX,Gross capital formation (% of GDP),NE.GDI.TOTL.ZS,22.2885558,22.8457112,23.60549422,25.94664928,25.72981767,25.94430226,21.55988646,19.78151126,18.93074176,20.00977669,17.83419879,18.31057874,22.75126853,23.10624119,23.27060354,23.42627673,23.32059903,22.62403067,24.33725794,19.31154336,19.73762696,21.14601713,22.80395162,22.24343775,22.26492461,20.27382156,20.40842563,20.88084586,22.04617823,21.52214597,22.56410295,23.07191469,24.12131588,23.25925081,23.33148941,24.25175813,24.37773906,22.6807316,22.29327598,23.73612975,24.34339234,23.89235071,23.47749306,22.14854264,20.23665935,21.70749393,22.77019489,23.30500413,23.90340645,22.6109827
Mexico,MEX,"Inflation, GDP deflator (annual %)",NY.GDP.DEFL.KD.ZG,19.36354569,30.44223576,16.00237853,19.67329801,41.40513716,25.07554762,61.08111847,88.85988117,59.26463123,59.14951623,70.85101727,142.0253387,100.5759863,27.39440044,28.10591239,23.71325751,14.81388558,42.86762323,8.360627287,38.8092294,26.696774,17.73369115,15.71605544,15.31908134,10.69796455,6.473009149,5.502324114,4.279667261,8.117443128,5.884982746,6.107154369,6.127792141,6.310381643,5.243482418,4.372964401,5.669633686,4.542214931,1.703882814,4.368368902,3.225428911,6.077587842,6.567594911,5.204499975,4.319010236,4.619790125,4.487972743,6.666649468,4.676374048,3.746627359,4.630958023
Uruguay,URY,Broad money (% of GDP),FM.LBL.BMNY.GD.ZS,26.91812267,30.97361333,38.33838809,37.37554753,39.51424016,45.48544147,63.88495455,52.50320705,58.41878892,52.25060166,54.35695924,45.60122826,46.83627141,53.54206938,55.84337267,48.84356626,42.66986949,38.37694036,36.60305465,36.04285582,36.21040017,33.66339515,36.29611467,40.08127742,43.24048613,49.15120645,59.56629305,58.40820382,48.97946675,45.28475535,45.20977722,39.93378583,43.98744959,37.81978418,40.52392033,41.38090999,40.16449946,41.97292944,44.01859484,49.42991068,46.71193183,44.27518777,45.97603886,48.78338585,59.12690147,58.75064182,52.08044503,50.33792035,54.21914435,51.47128923
Uruguay,URY,"GDP per capita, PPP (constant 2021 international $)",NY.GDP.PCAP.PP.KD,..,..,..,..,..,..,..,..,..,..,..,..,..,..,14060.84015,14474.72723,15536.48133,15865.27151,16932.02204,16600.0329,17433.68669,18823.93479,19577.78255,19192.7103,18752.05071,17986.89395,16572.7819,16694.4326,17519.37299,18811.31248,19560.07435,20803.88531,22249.37509,23138.07331,24879.8256,26099.31165,26953.2709,28119.47269,28935.08649,28941.61845,29332.55616,29762.42207,29757.92761,30010.56288,27788.17496,29431.87388,30840.07098,31100.96969,32149.48007,32741.62469
Uruguay,URY,Domestic credit to private sector (% of GDP),FS.AST.PRVT.GD.ZS,22.34369323,25.7328905,29.34125865,33.94831982,37.23591167,40.42415806,72.38234399,57.96174349,52.82851831,55.28629207,46.77741229,37.05291261,38.31548547,36.33086492,32.43984008,25.51205009,25.31990378,24.86348115,23.85579907,26.43822057,26.80770338,25.90578431,40.521269,43.5957665,45.09422693,53.85388568,70.51173827,43.18654311,24.1933896,22.47494307,23.75193528,23.02997259,27.16853395,19.8647261,21.40403612,21.97399051,22.17052919,24.37688152,25.16679317,27.81400853,25.6815823,23.92630027,24.94485122,25.3082497,27.88463978,26.7129872,26.38220447,28.13801091,30.56525671,30.75760626
Uruguay,URY,Gross capital formation (% of GDP),NE.GDI.TOTL.ZS,20.95897876,21.48539449,22.71022887,24.04150048,17.34631903,21.39046357,19.79651878,14.25354201,12.1267005,11.37877294,11.18166228,14.29512041,14.66974755,12.06646355,12.20085101,15.12534471,15.3848956,15.64129551,15.87163413,15.40771142,15.24021227,16.84529339,17.33757808,15.07533096,14.4570209,14.32793979,13.07290595,15.20630885,17.4684628,17.69885816,19.46057343,19.52605528,23.20809459,19.62477452,19.40760548,20.88231101,22.91537973,22.48441201,21.20281224,19.7053904,17.38918657,15.92400932,14.85341398,14.12081135,16.23365571,18.19670198,18.61484039,17.65662838,15.92301137,16.17835396
Uruguay,URY,"Inflation, GDP deflator (annual %)",NY.GDP.DEFL.KD.ZG,47.29149242,55.60669162,46.80166099,79.20819471,54.76270098,27.34459951,18.16226689,53.73104707,56.34960683,74.01716145,70.96333508,72.78399122,74.63639178,76.07946615,106.8366765,100.8081676,59.6236227,47.85192889,38.95718236,41.04832687,26.43173778,27.4851661,12.38390546,3.882996065,3.539308493,4.826618333,12.61627664,16.54163515,10.105056,0.677868374,7.41439913,10.31496818,8.902388578,8.617074545,5.746856984,9.875420246,9.412912474,8.999246669,10.2206566,9.855420322,8.165456543,5.680172805,7.525562174,8.256330832,10.72339579,11.07400816,5.989019483,4.053429381,4.184626016,4.333084541
World,WLD,Broad money (% of GDP),FM.LBL.BMNY.GD.ZS,61.83287432,62.12656097,65.39267936,64.11446166,62.94883596,64.65567791,67.39981766,70.78738012,73.1733284,74.66205194,82.6959625,87.37848082,91.01066932,92.20289031,86.94825158,88.3276964,86.93232118,90.52539451,90.31074809,91.48657165,88.696028,89.15721512,91.89188709,98.57277603,98.65619483,95.42573014,96.23554479,97.0956432,95.91436236,95.29212519,96.10562116,96.41543203,100.0025134,111.0087715,107.9480905,109.1949223,111.5060523,112.095354,114.5310446,117.7380764,121.6668651,119.9613444,120.2048697,122.2835326,140.0833201,139.9156172,136.9038372,135.5653641,136.1055622,..
World,WLD,"GDP per capita, PPP (constant 2021 international $)",NY.GDP.PCAP.PP.KD,..,..,..,..,..,..,..,..,..,..,..,..,..,..,11275.13398,11183.41069,11147.5576,11138.33219,11264.77783,11442.80415,11691.70786,11979.7238,12098.40319,12360.74333,12780.63814,12915.05532,13104.3468,13410.59783,13921.3401,14377.20536,14934.6933,15519.53751,15756.19739,15456.59251,16050.85285,16478.65087,16785.05388,17121.72318,17502.78046,17870.97974,18234.01877,18714.57368,19189.49223,19551.08537,18812.49218,19875.56692,20421.73368,20894.86637,21393.18436,21913.50949
World,WLD,Domestic credit to private sector (% of GDP),FS.AST.PRVT.GD.ZS,..,72.07925509,..,..,..,72.81777669,75.53162967,80.1446352,82.67042743,87.54898181,98.56793328,105.0024373,109.5939205,115.0575142,..,..,..,121.3731475,119.9359016,120.73523,120.1820714,123.0708337,128.77583,139.0020602,134.39255,123.4456402,120.5947098,124.3907903,124.2670753,125.1203747,127.7166488,127.9225622,119.8925723,124.4842918,119.2008466,114.5994752,115.4197582,117.4883695,118.8069186,123.1119222,124.550893,125.4241118,124.755658,129.2855601,144.7530921,141.7634573,134.4255445,135.9707942,140.3204509,..
World,WLD,Gross capital formation (% of GDP),NE.GDI.TOTL.ZS,26.29296003,26.56692778,26.91048151,27.17505545,26.59882432,25.93502514,24.55886113,24.1114659,25.24186467,25.00179932,25.05486351,25.26948615,26.38648166,26.9406614,26.56903573,25.87645793,25.25877943,24.7053019,25.02422812,25.04717277,24.84646941,24.63104906,24.20868887,24.33881846,24.69810478,23.89055537,23.25386343,23.42721642,24.09493129,24.45938842,25.00717173,25.46622709,25.46020818,23.42349319,24.62677158,25.34954276,25.48716075,25.59703759,25.87947205,25.92454086,25.66630537,26.1215187,26.66189953,26.56411734,26.45742608,27.23730539,27.47393935,26.65774659,26.28769098,..
World,WLD,"Inflation, GDP deflator (annual %)",NY.GDP.DEFL.KD.ZG,9.281522019,9.693085608,7.797801406,11.51224723,13.05354569,10.04785874,8.113086842,7.725272838,7.923232848,5.526820143,5.097969808,7.176368511,6.513415319,7.147738828,7.906598429,8.665658945,7.344066929,7.559538278,9.808157635,8.667818239,6.619638968,4.260791089,4.675120892,4.210807178,5.24260503,3.941794104,3.583238511,4.003965725,5.629248197,5.777817973,5.875935811,5.953545136,7.860966094,2.035574468,4.229784729,5.476499433,3.606434269,2.260770609,1.974397796,2.320565354,1.987078912,2.974740108,2.787709514,2.37586014,1.982160556,4.557808315,7.333874589,4.992518878,4.087575663,3.331760947
Argentina,ARG,Broad money (% of GDP),FM.LBL.BMNY.GD.ZS,19.05432005,22.47230597,24.54096738,25.86769055,24.95573441,23.41155755,21.24287839,21.02593844,21.97477621,17.30336287,19.58474074,22.0526189,25.14760548,20.10465632,11.48109468,10.55677756,13.69143719,19.21862334,20.770289,20.14127137,22.69048015,26.47018463,28.65068486,31.44367759,31.84862106,27.13925159,27.92706955,30.10405723,28.32564647,28.66331028,28.04961193,27.86431643,23.49367316,25.32273847,25.4406026,24.38712399,27.17564527,27.19624241,25.82170185,27.69088504,28.3723031,28.49528017,30.41075648,26.18303895,34.50526317,30.73095443,32.19183572,35.82185199,26.33393104,26.27759011
Argentina,ARG,"GDP per capita, PPP (constant 2021 international $)",NY.GDP.PCAP.PP.KD,..,..,..,..,..,..,..,..,..,..,..,..,..,..,17007.28443,18295.6092,19476.28406,20791.34515,21711.84279,20819.49995,21695.59495,23172.15834,23783.10172,22714.51113,22281.38143,21066.45813,18571.70205,20005.13851,21591.4494,23262.40758,24877.24939,26850.66459,27658.48534,25747.19768,28056.25702,29425.75939,28825.96669,29227.66018,28200.81526,28669.20613,27802.10572,28334.90418,27367.11509,26629.55294,23877.09314,26300.27426,27825.02735,27230.39685,26771.96577,27846.59846
Argentina,ARG,Domestic credit to private sector (% of GDP),FS.AST.PRVT.GD.ZS,13.56276729,18.38290986,20.55711741,24.05622763,25.39579275,33.55230678,33.90637227,28.11827564,25.00099884,17.36414138,16.90722949,21.29731488,20.33583548,39.71749502,15.60169481,12.58720349,15.44533545,18.28460493,20.280578,19.96060756,20.18700183,21.93345876,24.15329877,24.89334375,23.89473362,20.83357465,15.3318584,10.76270592,9.682518196,10.65349292,11.91026166,13.09854135,12.31394671,12.41620754,12.69010625,14.00871512,15.21281502,15.72909201,13.82376925,14.41423304,13.66763343,15.95849734,..,14.47762924,15.74648977,13.26442898,12.88910093,15.35708234,15.11767784,17.59829274
Argentina,ARG,Gross capital formation (% of GDP),NE.GDI.TOTL.ZS,30.72943959,30.9416888,27.80015957,25.85676946,25.25778629,22.69108872,21.75494795,20.88775231,19.96409245,17.58906692,17.46176421,19.554866,18.6400389,15.51469828,13.99698158,14.6369774,16.70240577,19.68811042,19.96562325,18.50041051,19.62387245,20.82605155,20.97076915,17.86292788,17.53348744,15.62596533,10.85390524,14.1469621,17.55127036,18.88826414,18.68048724,20.0991132,19.57277588,16.05311236,17.70553381,18.39845892,16.50198653,17.3057789,17.26288101,17.07070488,17.66322786,18.21256717,16.61388502,14.2100304,14.41515574,18.07628925,17.38558614,19.38226329,15.83780024,16.11358848
Argentina,ARG,"Inflation, GDP deflator (annual %)",NY.GDP.DEFL.KD.ZG,438.3227797,159.4271777,161.372172,147.377044,95.79042461,105.2763664,194.5352997,380.1585285,611.1963039,607.4474978,77.29223669,127.5399181,381.2463444,3046.091152,2078.316818,140.5023787,16.07199354,-3.561095576,2.849339715,3.16512339,-0.052375497,-0.463913131,-1.705279624,-1.836558392,1.037287101,-1.095767718,30.55520405,10.49570302,18.36335425,10.3175112,13.74105249,14.93992502,23.17116498,15.37764937,20.91512427,23.70347218,22.31488067,23.94879842,40.28297163,26.5799916,41.11937999,26.00637928,42.03366896,49.19557906,40.0830878,53.80208777,68.99382677,136.7423584,207.6052417,39.08889392
,,,,,,,,,,,,,,,,,,,,,,,,,,,,,,,,,,,,,,,,,,,,,,,,,,,,,
,,,,,,,,,,,,,,,,,,,,,,,,,,,,,,,,,,,,,,,,,,,,,,,,,,,,,
,,,,,,,,,,,,,,,,,,,,,,,,,,,,,,,,,,,,,,,,,,,,,,,,,,,,,
,,,,,,,,,,,,,,,,,,,,,,,,,,,,,,,,,,,,,,,,,,,,,,,,,,,,,
,,,,,,,,,,,,,,,,,,,,,,,,,,,,,,,,,,,,,,,,,,,,,,,,,,,,,
,,,,,,,,,,,,,,,,,,,,,,,,,,,,,,,,,,,,,,,,,,,,,,,,,,,,,
,,,,,,,,,,,,,,,,,,,,,,,,,,,,,,,,,,,,,,,,,,,,,,,,,,,,,
,,,,,,,,,,,,,,,,,,,,,,,,,,,,,,,,,,,,,,,,,,,,,,,,,,,,,
,,,,,,,,,,,,,,,,,,,,,,,,,,,,,,,,,,,,,,,,,,,,,,,,,,,,,
,,,,,,,,,,,,,,,,,,,,,,,,,,,,,,,,,,,,,,,,,,,,,,,,,,,,,
,,,,,,,,,,,,,,,,,,,,,,,,,,,,,,,,,,,,,,,,,,,,,,,,,,,,,
